UMAP1	UMAP2	driving_feats	labels	residuals	residuals_sign	observed	predicted	scaled_E25	scaled_E2	scaled_E1	scaled_telomere	scaled_ampl	scaled_del	shap_E25	shap_E2	shap_E1	shap_telomere	shap_ampl	shap_del	GC_scaled	GC_shap	bin	start	end	chr	good_residual
0.94760406	2.8288674	Length_Counts.E2	0	0.07206063036437516	0	0.503155306620555	0.4310946762561798	0.66291967775943	-0.8924290211245112	-0.926569428107871	-0.4059205445396355	-0.7625320039363533	1.091363925384124	-0.007296804	0.12873363	0.05069862	0.009202963	-0.0035309007	0.018195301		0.012858706	1_31	30030181	31031186	1	True
8.197705	1.678057	Length_Counts.E25	3	0.08365428072890257	0	0.421244528121557	0.3375902473926544	1.1161945807875264	-0.5117625411778322	-0.926569428107871	1.0732116049117688	-0.551228471338573	0.2145853523590621	0.10844628	-0.026094953	0.056230575	0.023776803	-0.017984353	0.025416637		0.028488893	1_70	69069415	70070420	1	True
8.2291155	1.6720252	Length_Counts.E25	3	0.05698967153131512	0	0.358871312680836	0.3018816411495209	1.1280725945370889	-0.3715169959343188	-0.15497236898471664	1.1869910010234153	-0.557265715127081	0.285040773405719	0.117773965	-0.038354978	-0.018547494	0.030409705	-0.0130211925	0.021751761	-1.428957610217507	0.07386303	1_73	72072433	73073438	1	True
11.199924	4.387701	Length_Counts.E2	2	0.07607976363807467	0	0.401029117571409	0.32494935393333435	1.1419302772449118	-0.8924290211245112	-0.926569428107871	1.490402723987806	-0.5753774464926051	0.34766781433608057	0.10941271	0.14292295	0.046358872	0.032000225	-0.029288182	0.012076346		0.015267527	1_81	80080481	81081486	1	True
8.06643	2.1934063	Length_Counts.E25	3	-0.26169104754802364	-1	-0.194703182874886	0.06698786467313766	1.115204746308396	-0.7922536316648587	-0.8301197957174767	1.5283291893583548	-0.5693402027040971	0.38680971491755645	0.1196511	-0.004785171	0.06067619	0.026628505	-0.02660992	0.00047322898		0.009104741	1_82	81081487	82082492	1	True
0.06158569	3.0366285	Length_Counts.E2	0	-0.10770321522282485	0	-0.0970390660353196	0.010664149187505245	0.592077224088081	-0.8122887095567892	-0.7336701633270825	2.135152635287136	-0.5753774464926051	0.44160837573162276	-0.01265516	0.07082215	0.0573755	0.016228737	-0.014385633	-0.033805177	-1.353382381654628	0.05035187	1_98	97097583	98098588	1	True
12.271803	3.2632072	Length_Counts.E2	2	-0.2767695657139006	-1	0.0434724815959749	0.3202420473098755	1.1815236564101201	-0.8924290211245112	-0.926569428107871	2.3247849621398804	-0.5874519340696212	0.43377999561532765	0.09059919	0.13215469	0.037264094	0.023762636	-0.028557302	-0.025610188	-1.3990790314833466	0.0382681	1_103	102102613	103103618	1	False
11.583963	4.369483	Length_Counts.E2	2	0.3030149070871553	1	1.04916712924368	0.7461522221565247	1.1845550245024563	-0.8924290211245112	-0.926569428107871	2.4006378928809777	-0.551228471338573	0.37115295468496606	0.117447056	0.1479634	0.053301614	0.035202906	-0.026385674	0.015098345	-1.5368720063514794	0.068701625	1_105	104104625	105105630	1	True
1.3061857	2.9218884	Length_Counts.E2	0	-0.027610408269662212	0	0.50781859258483	0.5354290008544922	0.9400040435023492	-0.8523588653406502	-0.6854453471318853	1.7475453079748897	3.4876876231732856	-1.3119487703185007	-0.009181848	0.15413329	0.042930365	0.02851414	0.007792472	0.013961222	-1.0589905029503903	-0.015309318	1_164	163163979	164164984	1	False
-0.24128418	2.976825	Length_Counts.E2	0	0.10401802420348688	0	0.323932237026401	0.21991421282291412	-0.13201144325764483	-0.8122887095567892	-0.6854453471318853	1.2924277235283037	3.2643096029984893	-1.3276055305510912	-0.036363356	0.061066538	0.060687255	0.017181756	0.0014883862	0.0014428307	0.13878899159849503	-0.014910839	1_176	175176051	176177056	1	True
12.2136	3.388695	Length_Counts.E2	2	-0.14806973393869421	0	0.45961905066061	0.6076887845993042	1.2057746011488102	-0.8924290211245112	-0.926569428107871	0.7993836737111689	3.342793772249093	-1.1475527878763017	0.108450554	0.15155275	0.04973698	0.0358229	0.021518685	0.0071838344		0.024047099	1_189	188189129	189190134	1	False
12.321543	3.1887913	Length_Counts.E2	2	0.16891513076684195	0	0.956715502413723	0.7878003716468811	1.1978559253157686	-0.8924290211245112	-0.926569428107871	0.6856042775995225	3.3126075533065533	-1.2962920100859103	0.10611705	0.14321774	0.056006964	0.03486164	0.027136859	0.009969946	-1.6029563922576242	0.066148326	1_192	191192147	192193152	1	True
12.260998	3.2557075	Length_Counts.E2	2	-0.021388008914722922	0	0.73913578716682	0.760523796081543	1.1968660908366384	-0.8924290211245112	-0.926569428107871	0.5718248814878759	3.3850544787686494	-1.2962920100859103	0.108142324	0.15007365	0.04855041	0.03242511	0.024345689	0.0064982544		0.03557969	1_195	194195165	195196170	1	False
12.198277	3.4598536	Length_Counts.E2	2	-0.1720802899835518	0	0.462804007864196	0.6348842978477478	1.1399506082866513	-0.8924290211245112	-0.926569428107871	0.5338984161173271	3.4454269166537292	-1.1945230685740729	0.12530373	0.14958575	0.05328727	0.033927284	0.02078094	0.004106103		0.03058187	1_196	195196171	196197176	1	False
0.7761525	2.9110036	Length_Counts.E2	0	0.057055454864529176	0	0.361038576974896	0.3039831221103668	0.07730885404402037	-0.8523588653406502	-0.8301197957174767	0.42011902000568063	3.3790172349801413	-1.2962920100859103	-0.0065447176	0.16743304	0.066680565	0.02536018	0.012462286	0.017523164	-1.3208674577380413	0.050768603	1_199	198199189	199200194	1	True
1.4245129	2.545716	distance.to.telomere	0	0.017629516862809946	0	0.0866567693580988	0.06902725249528885	1.0343105235014798	-0.8924290211245112	-0.926569428107871	-1.3613106318224084	0.2215387335904522	-0.8813878639222651	-0.0370526	0.12063474	0.05785032	-0.12432556	0.021658754	-0.0074854796		0.020009167	10_3	2007923	3011883	10	True
10.906956	3.5263467	Length_Counts.E2	2	-0.051050418582271606	0	0.259561306271244	0.3106117248535156	1.1362634748518914	-0.8924290211245112	-0.926569428107871	-1.0950416537152132	0.4690657289192806	-0.9753284253178073	0.1158401	0.14489959	0.05560926	-0.092921026	0.024983622	-0.00078641507		0.0105016	10_10	9035650	10039610	10	False
11.317731	4.486279	Length_Counts.E2	2	0.018358666148212355	0	0.515439171042469	0.4970805048942566	1.1808060264127507	-0.8924290211245112	-0.926569428107871	0.6547259167034979	-0.521042252396033	-0.26294583473494465	0.11183565	0.1511333	0.0408386	0.036648113	-0.027754413	0.015767379		0.01898752	10_56	55217856	56221816	10	True
11.340043	4.3405404	Length_Counts.E2	2	0.20693062150733066	0	0.680647476556464	0.4737168550491333	1.1461618196431933	-0.8323237874487197	-0.588995714741491	0.7308027675912679	-0.502930521030509	-0.30208773531642075	0.13608287	0.15508752	0.005051487	0.030812161	-0.0152008785	0.015799843	0.22051569225370207	-0.017286368	10_58	57225778	58229738	10	True
11.406377	4.47737	Length_Counts.E2	2	-0.27936792236179125	-1	0.221477211896479	0.5008451342582703	1.2114908952657872	-0.8924290211245112	-0.926569428107871	1.073148596586233	-0.46670705829946085	-0.0828930920601552	0.119879805	0.1477867	0.042262834	0.03960156	-0.029801615	0.009643471		0.011686986	10_67	66261427	67265387	10	False
11.197134	4.293555	Length_Counts.E2	2	-0.07939832021609483	0	0.323266967040146	0.40266528725624084	1.1377482265705867	-0.8924290211245112	-0.926569428107871	1.0771492653184302	-0.5753774464926051	-0.26294583473494465	0.11686136	0.12780152	0.035860226	0.033005204	-0.024884934	0.01762972	-1.251443701267489	0.03492073	10_69	68269349	69273309	10	False
0.7773168	2.811436	Length_Counts.E2	0	-0.09575384222710225	0	0.083888015516161	0.17964185774326324	0.21443309902412597	-0.8924290211245112	-0.926569428107871	0.6967650108795799	-0.39426013283736483	-0.16900527333940227	-0.0134643875	0.1493222	0.040741224	0.025303917	-0.02034903	0.018042687	0.1528494992381014	-0.0135806175	10_79	78308959	79312919	10	False
8.637844	1.7526922	Length_Counts.E25	3	-0.17257690028032555	0	-0.150407414592116	0.022169485688209534	1.163483923027972	-0.8122887095567892	-0.926569428107871	0.5446113091040398	-0.4304835955684128	-0.07506471194386012	0.11101718	0.04056191	0.042798698	0.026407141	-0.019655611	0.015550438	0.33739366200792187	-0.03232902	10_83	82324803	83328763	10	True
11.157382	4.4287314	Length_Counts.E25	2	-0.04110374870989508	0	0.358074249594472	0.39917799830436707	1.17783652297536	-0.8924290211245112	-0.926569428107871	0.3924576073284997	-0.6055636654351451	0.06584613014945345	0.1378635	0.13718554	0.047619462	0.04107915	-0.029236965	0.010639781		0.0147387665	10_87	86340647	87344607	10	False
0.82874477	2.803914	Length_Counts.E2	0	-0.1885986103166782	0	0.131680928314761	0.3202795386314392	1.0610360544379955	-0.8523588653406502	-0.7336701633270825	-0.4063493269930858	-0.7927182228788934	0.3398394342197853	0.010196339	0.13731344	0.036821518	0.0020385925	-0.00940753	0.012283519		0.0062762355	10_108	107423828	108427788	10	False
8.511597	2.3063323	Length_Counts.E25	3	0.170479967004888	0	0.725490404970281	0.5550104379653931	1.163978840267537	-0.8122887095567892	-0.7818949795222796	-0.4443877524369708	-0.8229044418214335	0.3320110541034902	0.15072168	0.054324687	0.051296517	0.012285994	-0.0025119204	0.01881594	-0.5220548674629588	0.0011351825	10_109	108427789	109431749	10	True
8.461714	1.8945254	Length_Counts.E25	3	0.427266867401805	1	1.04414650941154	0.6168796420097351	1.1120125301132011	-0.6520080864213454	-0.926569428107871	-0.48242617788085584	-0.7987554666674015	0.41029485526644194	0.13999374	-0.010551979	0.055039212	0.012225018	-0.009628162	0.008002507		0.020351948	10_110	109431750	110435710	10	True
12.108188	4.145073	Length_Counts.E2	2	-0.061801311140419035	0	0.338356170291542	0.40015748143196106	1.1342838058936309	-0.8924290211245112	-0.926569428107871	-0.5204646033247409	-0.7866809790903855	0.34766781433608057	0.12719256	0.12746292	0.030908756	0.007739933	-0.013722522	0.016802212		0.01604539	10_111	110435711	111439671	10	False
12.191267	3.3107839	Length_Counts.E2	2	0.15481711580770308	0	0.910204422021082	0.7553873062133789	1.1099685219137974	-0.8924290211245112	-0.926569428107871	-0.5676107439323399	-0.1648448688740604	-0.1298633727579264	0.14182428	0.14724842	0.057965107	-0.004579932	0.03216729	0.013018267		0.031639375	11_24	23001105	24001152	11	True
8.150355	1.7426989	Length_Counts.E25	3	-0.011195401646293734	0	0.558979709647499	0.5701751112937927	1.1693585906616097	-0.6520080864213454	-0.8301197957174767	-0.5297205756007948	-0.2554035257016805	-0.14552013299051678	0.10835679	-0.015916454	0.06989791	0.0142566785	0.02517055	0.011007989	-1.3938063411184942	0.044769187	11_25	24001153	25001200	11	False
12.146814	3.3524182	Length_Counts.E2	2	-0.07580281496810976	0	0.448878276340484	0.5246810913085938	1.178762018213347	-0.8924290211245112	-0.926569428107871	-0.4918304072692497	-0.2433290381246645	-0.0985498522927456	0.113809966	0.14600101	0.0533553	0.0043092417	0.032105528	0.007086882		0.029740706	11_26	25001201	26001248	11	False
1.3654224	2.9689546	Length_Counts.E2	0	0.008544719873161077	0	0.633488214669914	0.6249434947967529	1.056517460040766	-0.8924290211245112	-0.926569428107871	-0.34026973394306936	-0.2071055753936164	-0.25511745461864954	0.016834237	0.1332086	0.065866455	0.008473274	0.027706217	0.01965678		0.025451973	11_30	29001393	30001440	11	True
1.3311803	2.9358535	Length_Counts.E2	0	0.09001533160188857	0	0.846867600774557	0.7568522691726685	1.0777989013420655	-0.8924290211245112	-0.926569428107871	-0.03714838729070872	-0.2614407694901885	-0.49779723822380045	-0.0040041576	0.15703477	0.0711459	0.017939184	0.027778784	-0.01955967		0.027980968	11_38	37001777	38001824	11	True
11.959788	3.4581573	Length_Counts.E2	2	-0.23488798005494005	-1	0.438533581663047	0.6734215617179871	1.1475822321207452	-0.8924290211245112	-0.926569428107871	0.0007417810408363596	-0.17088211266256834	-0.3412296358978966	0.13452147	0.15037763	0.06412648	0.0131911365	0.031482793	0.0076425066		0.023345103	11_39	38001825	39001872	11	False
12.027074	3.4403212	Length_Counts.E2	2	0.22816930633080557	1	0.969787462763911	0.7416181564331055	1.1104634391533625	-0.8924290211245112	-0.926569428107871	0.038631949372381444	-0.17691935645107645	-0.356886396130487	0.13770862	0.15464163	0.065714	0.017741688	0.032808118	0.00824547		0.024819946	11_40	39001873	40001920	11	True
7.9323225	1.892399	Length_Counts.E25	3	-0.2147470489661456	0	0.0920395776112317	0.3067866265773773	1.1322397976942271	-0.631973008529415	-0.7336701633270825	0.07652211770392651	-0.13465864993152044	-0.2942593552001254	0.110681996	-0.038244158	0.07137282	0.022931429	0.022742225	0.0073354123	-1.1213840056011386	0.004802292	11_41	40001921	41001968	11	False
12.238482	3.2504466	Length_Counts.E2	2	-0.12495491841389061	0	0.588630279511677	0.7135851979255676	1.1094736046742322	-0.8523588653406502	-0.926569428107871	0.1144122860354716	-0.2554035257016805	-0.3725431563630774	0.099901415	0.12746397	0.060061708	0.02324396	0.031705543	0.0062797177		0.033928357	11_42	41001969	42002016	11	False
12.292442	3.384842	Length_Counts.E2	2	-0.19167006507564194	0	0.40846555933308	0.6001356244087219	1.1446127286833547	-0.8924290211245112	-0.926569428107871	0.15230245436701667	-0.22521730675914053	-0.3334012557816013	0.11134247	0.12325031	0.06225937	0.02447548	0.028686887	0.009832628		0.034105137	11_43	42002017	43002064	11	False
7.939531	1.9331383	Length_Counts.E25	3	-0.030176753030017822	0	0.343379682078167	0.3735564351081848	1.1451076459229197	-0.7321483979890674	-0.8301197957174767	0.4175336326878323	-0.2614407694901885	-0.28643097508383036	0.110593215	-0.011951564	0.08567524	0.033736583	0.024177007	0.010816174	-0.8518909425087083	-0.02098197	11_50	49002353	50002400	11	False
-0.32636222	2.8747592	Length_Counts.E1	0	-0.04846295055653005	0	0.37484768691753	0.42331063747406006	0.977152531504106	-0.8122887095567892	-0.926569428107871	0.6827648110086478	-0.17691935645107645	0.26155563305683327	-0.02136306	0.05662123	0.06571927	0.029324409	0.020494996	0.008586432	-0.06453334913738437	-0.021275623	11_57	56002689	57002736	11	False
1.3300958	2.9614253	Length_Counts.E2	0	-0.26283320040605224	-1	0.254652775813125	0.5174859762191772	1.0867074116542375	-0.8924290211245112	-0.926569428107871	0.5915324308028254	0.1732407832823881	0.9974233639885817	-0.012230057	0.15374203	0.06830428	0.036245003	0.023366556	-0.017019607		0.037898306	11_81	80003841	81003888	11	False
8.029996	2.1409707	Length_Counts.E25	3	0.12258091531395743	0	0.524419903379677	0.4018389880657196	1.1490669838394405	-0.6920782422052064	-0.8301197957174767	0.439971757476645	-0.3037014760097446	1.2087896271285516	0.12768415	-0.015174707	0.08624394	0.033230405	0.019549817	0.015799133	-1.065141975042717	-0.012169425	11_85	84004033	85004080	11	True
0.863166	2.8743424	Length_Counts.E2	0	0.17289214395239522	0	0.473639091479327	0.30074694752693176	0.7368009232817088	-0.8924290211245112	-0.8301197957174767	0.2884110841504647	-0.37011115768333275	1.4358126505011124	-0.0066640745	0.15765779	0.0688527	0.027346577	0.006500388	0.012895519	-1.1243132780260625	-0.011612563	11_89	88004225	89004272	11	True
12.221745	3.309181	Length_Counts.E2	2	0.30887084334202997	1	0.98462688057729	0.67575603723526	1.1495619010790057	-0.8924290211245112	-0.926569428107871	0.21263074748737454	-0.4365208393569208	1.4827829311988838	0.12131548	0.13927937	0.057539765	0.03353672	-0.024320709	0.0074916393		0.03375214	11_91	90004321	91004368	11	True
8.158162	1.6739842	Length_Counts.E25	3	0.04615110470513967	0	0.481241855160996	0.4350907504558563	1.1312499632150967	-0.3715169959343188	-0.926569428107871	0.17474057915582947	-0.41840910799139686	1.459297790849998	0.11271783	-0.03485775	0.074611396	0.033630382	-0.017147884	0.010707266		0.04040383	11_92	91004369	92004416	11	True
12.21868	3.2871697	Length_Counts.E2	2	-0.013285224120852757	0	0.53192251475549	0.5452077388763428	1.203507880191602	-0.8924290211245112	-0.926569428107871	-0.12838076749653118	-0.551228471338573	2.0385979194558423	0.10965019	0.13043801	0.044568744	0.012369068	-0.02835497	0.008521853	-1.4131395391229515	0.043220833	11_100	99004753	100004800	11	False
1.3306185	2.870283	Length_Counts.E2	0	0.5540810009082116	1	1.08094219170411	0.5268611907958984	0.3653407891261197	-0.8924290211245112	-0.926569428107871	-0.2799414408227115	-0.6659361033202252	2.163852001316566	-0.005373244	0.13608392	0.050049547	0.018867102	-0.016788175	0.008202	-0.5003782515185731	-0.0035883852	11_104	103004945	104004992	11	True
1.3853697	2.6673183	Length_Counts.E2	0	-0.016827335789672715	0	0.257088968321808	0.2739163041114807	1.0582793654136178	-0.8924290211245112	-0.926569428107871	-1.1893054807797934	-0.6719733471087332	2.3204196036424696	0.004486279	0.14242114	0.04609234	-0.09858657	-0.02048941	0.006842214		0.026588306	11_128	127006097	128006144	11	False
11.9890175	3.751291	Length_Counts.E2	2	-0.06296884098586325	0	0.318730363459022	0.38169920444488525	1.1597423486968599	-0.8924290211245112	-0.7336701633270825	-0.8070516257254526	-0.12258416235450442	-0.3725431563630774	0.13997068	0.14905822	0.05345395	-0.009396842	0.029547611	0.0030510486		0.021882035	12_18	17108886	18115290	12	False
8.327451	1.712644	Length_Counts.E25	3	-0.15854719790245222	0	0.222538346922148	0.3810855448246002	1.140935493593386	-0.6520080864213454	-0.6854453471318853	-0.5782654783022773	0.06457039508924388	-0.560424279154162	0.112925574	-0.027237915	0.039281234	0.0011737687	0.014223053	-0.028601961		0.03744687	12_24	23147316	24153720	12	False
7.917308	1.8848566	Length_Counts.E25	3	-0.09581731280690753	0	-0.0230085106790694	0.07280880212783813	1.140935493593386	-0.7922536316648587	-0.6372205309366882	-0.1969552325969848	0.0343841761467039	-0.8813878639222651	0.10447582	-0.005341554	0.042901844	0.010848532	0.00939508	-0.0038774316	-1.1626867467924795	0.007628418	12_34	33211366	34217770	12	False
1.4067017	2.9534662	Length_Counts.E2	0	0.050529028133054155	0	0.520261342481275	0.4697323143482208	1.1003522799490473	-0.8924290211245112	-0.926569428107871	0.8325824308073048	-0.12862140614301235	-0.5995661797356381	0.026231734	0.14134802	0.053748332	0.0368679	0.026658218	-0.024461458		0.0431959	12_61	60384301	61390705	12	True
12.013666	3.6714156	Length_Counts.E25	2	0.3183746604338573	1	1.04943182748708	0.7310571670532227	1.1666711900507714	-0.8924290211245112	-0.926569428107871	0.870713455377834	-0.17088211266256834	-0.560424279154162	0.15094003	0.14139487	0.061756253	0.0400502	0.030164095	-0.02483756		0.035753813	12_62	61390706	62397110	12	True
11.878093	3.8593972	Length_Counts.E2	2	-0.10134054356201205	0	0.265315938657684	0.36665648221969604	1.1345015694790395	-0.8924290211245112	-0.926569428107871	0.8401366857453478	0.2698366838985163	-0.7013351212474755	0.12089882	0.13044976	0.064148955	0.028764822	0.014891676	-0.0149890985	-1.2092621783486726	-0.0035763208	12_73	72461161	73467565	12	False
11.998742	3.6509364	Length_Counts.E2	2	-0.34705512883362727	-1	0.150663145759726	0.49771827459335327	1.1830034589564198	-0.8924290211245112	-0.926569428107871	0.8020056611748186	0.1732407832823881	-0.5839094195030476	0.12385769	0.14271031	0.053390913	0.038353927	0.023655644	-0.0261149		0.034525003	12_74	73467566	74473970	12	False
8.571882	1.8525063	Length_Counts.E25	3	-0.038888688320627696	0	0.142784659629354	0.1816733479499817	1.1504626504550142	-0.8122887095567892	-0.6372205309366882	0.7638746366042893	0.0343841761467039	-0.3881999165956678	0.101242304	0.04365691	0.020326635	0.023200672	0.010142636	-0.007835707	0.8646626984931247	-0.024080202	12_75	74473971	75480375	12	False
8.246018	1.8174411	Length_Counts.E25	3	-0.027969045753497263	0	0.247173385505658	0.2751424312591553	1.1587525142177297	-0.6520080864213454	-0.8301197957174767	0.49695746461058465	-0.12258416235450442	-0.32557287566530624	0.11374914	-0.024842108	0.06757997	0.03351727	0.024569618	-0.0017025465	-1.4148971025779018	0.061156712	12_82	81518806	82525210	12	False
11.517789	4.0898814	Length_Counts.E2	2	0.06791063258326813	0	0.862218996974595	0.7943083643913269	1.1736000314046828	-0.8924290211245112	-0.926569428107871	0.42069541546952616	-0.14069589372002836	-0.30991611543271586	0.13308315	0.15051572	0.05080134	0.04592802	0.026202455	0.011809003		0.031916216	12_84	83531616	84538020	12	True
8.283969	1.7795495	mean.GC.content	3	-0.10679192654961561	0	0.41516332514411	0.5219552516937256	1.1736000314046828	-0.7722185537729283	-0.8301197957174767	0.30630234175793847	-0.1527703812970444	-0.356886396130487	0.08187178	-0.006787598	0.080950096	0.04079708	0.02184284	0.0033831913	-1.478169386956126	0.08654387	12_87	86550831	87557235	12	False
11.943671	3.7930923	Length_Counts.E2	2	-0.3228918824270812	-1	0.0314270641728791	0.3543189465999603	1.1290574798438233	-0.8924290211245112	-0.926569428107871	-0.11313892851788322	-0.2614407694901885	-0.27077421485124	0.093177065	0.11992149	0.046523426	0.009096395	0.025616778	0.016006187		0.013874352	12_98	97621286	98627690	12	False
11.379888	4.481702	Length_Counts.E25	2	0.0013858658782519573	0	0.524222551058916	0.5228366851806641	1.1645529442654328	-0.8924290211245112	-0.926569428107871	0.30767242237110604	-0.6357498843776851	1.4749545510825888	0.14501289	0.13950497	0.03790447	0.03892097	-0.031130537	0.016784897		0.024086958	13_66	65096006	66097482	13	True
11.255473	4.237623	Length_Counts.E2	2	0.006428613392397309	0	0.566030575958773	0.5596019625663757	1.1947428958789041	-0.8924290211245112	-0.926569428107871	0.27883438699427854	-0.6297126405891771	1.451469410733703	0.13379802	0.13936128	0.03648562	0.038629938	-0.029467508	0.022735614		0.023365892	13_70	69101914	70103390	13	True
12.073473	4.1443577	Length_Counts.E25	2	0.2546914461003744	1	0.712211633001467	0.45752018690109253	1.1120917168715316	-0.8924290211245112	-0.6854453471318853	-0.5179961394540382	-0.4425580831454288	1.287073428291504	0.12965152	0.12214848	0.020540927	0.006201005	-0.022771932	0.012393754		0.029888084	13_91	90132931	91134407	13	True
7.7337604	1.7884386	Length_Counts.E25	3	-0.10817938721558434	0	-0.039849427107781	0.06832996010780334	1.1417323103490857	-0.5718677748536235	-0.2996468175703081	-1.2101296376484791	-0.062211724469424294	-0.04375119147867932	0.12660214	-0.038238637	-0.0197533	-0.108656585	0.01739269	0.01741501	-1.7628946666581364	0.05846892	14_27	26084917	27088182	14	False
11.712708	3.943353	Length_Counts.E2	2	-0.2731442534840294	-1	0.23149990201829	0.5046441555023193	1.2011223790968983	-0.8924290211245112	-0.926569428107871	-0.67796033507658	-0.18899384402809247	0.01104746933538718	0.12488867	0.14161691	0.05356153	-0.004261178	0.032165617	0.01378669		0.019547543	14_41	40130641	41133906	14	False
8.289905	1.7467167	Length_Counts.E25	3	0.34020129169471547	1	0.779136273517683	0.43893498182296753	1.1278746276412628	0.029184561904290703	-0.6372205309366882	-0.6399482420357301	-0.12258416235450442	-0.028094431246088927	0.13130242	-0.036707714	0.038347382	0.007836046	0.02364816	0.023144398		0.043826524	14_42	41133907	42137172	14	True
11.9218445	3.6990368	Length_Counts.E2	2	0.12009221781858104	0	0.895905856982552	0.775813639163971	1.1521255723799528	-0.8924290211245112	-0.926569428107871	-0.5259119629131802	-0.2433290381246645	-0.07506471194386012	0.136972	0.15503013	0.06519568	0.0090543935	0.028622575	0.01003064	0.6186038148000302	-0.022812169	14_45	44143705	45146970	14	True
8.544755	2.2202213	Length_Counts.E25	3	0.030999314582279558	0	0.514584046399525	0.4835847318172455	1.1384510090507691	-0.8122887095567892	-0.926569428107871	-0.4498877768314803	-0.2493662819131726	0.12064479096351996	0.140454	0.052498683	0.06145329	0.012711521	0.027122425	0.013603266	1.6415057455813238	-0.022618985	14_47	46150237	47153502	14	True
11.716128	3.9902365	Length_Counts.E2	2	0.16336853523242478	0	0.829550218772769	0.6661816835403442	1.1986477928990726	-0.8924290211245112	-0.926569428107871	-0.37386359074978043	-0.1648448688740604	0.050189369916863055	0.1395511	0.14246878	0.07040253	0.008190368	0.03237313	0.014222162		0.033012573	14_49	48156769	49160034	14	True
12.049415	4.104096	Length_Counts.E2	2	-0.14333441811118253	0	0.242111474699639	0.38544589281082153	1.199637627378203	-0.8924290211245112	-0.926569428107871	-0.5609729702849665	-0.5693402027040971	0.6842881593367738	0.120343454	0.13233472	0.043411896	0.0061911508	-0.033345006	-0.02236558		0.03166788	14_83	82267813	83271078	14	False
11.573315	4.158142	Length_Counts.E25	2	-0.018955174550503107	0	0.506411548986942	0.5253667235374451	1.1991427101386378	-0.8924290211245112	-0.926569428107871	-0.6369971563666664	-0.5814146902811131	0.6216611184064121	0.14216465	0.13307531	0.045393903	-0.004368736	-0.027772484	-0.016175631		0.028720483	14_85	84274345	85277610	14	False
1.4532999	2.5817235	Length_Counts.E2	0	-0.11272488857080992	0	-0.232887397952581	-0.12016250938177109	1.023956854849778	-0.8924290211245112	-0.926569428107871	-1.1311543658977157	-0.42444635177990475	0.598175978057527	-0.05446863	0.13957472	0.04234789	-0.095914215	-0.024176277	-0.02875643		0.0040594935	14_98	97316803	98320068	14	True
1.4813911	2.5568485	Length_Counts.E2	0	0.005885976805398319	0	0.0821765693566297	0.07629059255123138	0.9355646358634503	-0.8924290211245112	-0.588995714741491	-1.4050376898655637	-0.6719733471087332	0.6999449195693644	-0.02341223	0.15805434	-0.0008926152	-0.12660183	-0.012425864	-0.025552308	0.9384803636010534	-0.017823434	15_25	24125017	25130225	15	True
1.4833413	2.56151	Length_Counts.E2	0	0.20182781388737056	0	0.220539351010097	0.01871153712272644	1.0325684148182106	-0.8924290211245112	-0.926569428107871	-1.2907805595526662	-0.6659361033202252	0.8878260423604487	-0.027411336	0.1398399	0.052718885	-0.11014271	-0.019162316	-0.016629653	-0.15999679574311912	-0.009226672	15_28	27140644	28145852	15	True
1.2259494	2.844183	Length_Counts.E2	0	0.09359099955175315	0	0.296155373164157	0.20256437361240387	0.74452658139132	-0.8323237874487197	-0.6854453471318853	-0.9480091686139744	-0.7564947601478453	0.8643409020115634	-0.003916807	0.1363705	0.027079294	-0.02479025	-0.00695006	-0.014710529		0.02220697	15_37	36187525	37192733	15	True
11.579783	3.7535825	Length_Counts.E2	2	-0.09091465388398984	0	0.392931235684339	0.48384588956832886	1.1988606073120858	-0.8924290211245112	-0.926569428107871	-0.5671520675709835	-0.7866809790903855	0.7390868201508403	0.12551923	0.14759241	0.045257047	0.0067981053	-0.015309219	-0.015694652		0.022654692	15_47	46239615	47244823	15	False
8.022942	1.9255801	Length_Counts.E25	3	0.08020903354397393	0	0.187850186581522	0.10764115303754807	1.1909419314790441	-0.7321483979890674	-0.926569428107871	-0.30055209684088985	-0.7081968098397813	0.6216611184064121	0.091254644	-0.016985865	0.05477023	0.01905778	-0.008897342	-0.031201025	-1.1354445132407451	0.017397733	15_54	53276078	54281286	15	True
1.3518873	2.8023648	Length_Counts.E2	0	0.08817886176931544	0	0.53234573069441	0.4441668689250946	0.9559948195126977	-0.8924290211245112	-0.926569428107871	-1.2176073960084968	-0.13465864993152044	-0.05940795171126972	-0.02420833	0.14958936	0.054126	-0.084586866	0.030227952	0.026414793		0.021531044	15_96	95494856	96500064	15	True
10.892924	3.5141962	Length_Counts.E2	2	-0.1369229438606397	0	0.0671158847507342	0.2040388286113739	1.1351746569248482	-0.8924290211245112	-0.926569428107871	-1.2181879591908082	1.7248124369289468	-0.9283581446200362	0.11297091	0.13041434	0.056563523	-0.09400281	0.0033119342	-0.004330143	-0.30060187213917394	-0.0190627	16_7	6023647	7027587	16	False
10.886642	3.545506	Length_Counts.E2	2	-0.42089173327384016	-1	-0.434465076208091	-0.013573342934250832	1.2039681532243975	-0.8924290211245112	-0.926569428107871	-1.180150291513917	1.8032966061795506	-0.9909851855503977	0.09950464	0.1158713	0.043325905	-0.102363825	0.0024205784	-0.011347621		0.009339837	16_8	7027588	8031528	16	True
12.061583	4.3621645	Length_Counts.E2	2	-0.5589060986447478	-1	-0.317608078758731	0.24129801988601685	1.153981512028322	-0.8924290211245112	-0.926569428107871	-0.457434605652984	1.5859558297932623	-1.0536122264807593	0.11601924	0.123391755	0.043612145	0.004260019	0.006128191	-0.005270096		0.0077741886	16_27	26102467	27106407	16	True
8.530827	2.2122529	Length_Counts.E25	3	0.28518385283910985	1	0.696989065336821	0.4118052124977112	1.1228017259357206	-0.8122887095567892	-0.926569428107871	-0.3174573101476616	-0.6961223222627653	3.2598252175978932	0.11801997	0.048151724	0.044160847	0.013559211	-0.002919621	0.014310645		0.015604399	16_60	59232520	60236460	16	True
12.034126	4.0867834	Length_Counts.E2	2	-0.2630800838834175	-1	0.176525748216497	0.43960583209991455	1.1881308015583143	-0.8924290211245112	-0.926569428107871	-0.3554949778245528	-0.6598988595317171	3.36159415910973	0.10606222	0.12728141	0.047992118	0.009587958	-0.023294354	0.01078891		0.03496377	16_61	60236461	61240401	16	False
8.412765	1.9718727	Length_Counts.E25	3	0.0850068854040189	0	0.444309018725781	0.3593021333217621	1.1787273740065773	-0.49172746328590167	-0.926569428107871	-0.393532645501444	-0.6357498843776851	3.2754819778304833	0.11339072	-0.026202846	0.061288707	0.014828973	-0.0114854025	0.020238519	-1.100293244141731	-0.009114516	16_62	61240402	62244342	16	True
8.555529	1.8192478	Length_Counts.E25	3	-0.028523685056107306	0	0.183574660104377	0.21209834516048431	1.1955545601517907	-0.8122887095567892	-0.5407708985462939	-0.4696079808552264	-0.6659361033202252	3.236340077249008	0.09988945	0.0375174	-0.005847345	0.008169217	-0.0064082574	0.015197251		0.03552969	16_64	63248284	64252224	16	False
11.605709	4.282547	Length_Counts.E2	2	0.0968402375796169	0	0.510276709995541	0.4134364724159241	1.1421034982787595	-0.8924290211245112	-0.926569428107871	-0.8499846576241386	-0.6478243719547011	3.4868482409704535	0.12166637	0.12215146	0.05044328	-0.00037025643	-0.017168522	0.018032132	0.5922403629757704	-0.016055305	16_74	73287694	74291634	16	True
1.4955785	2.5049815	Length_Counts.E2	0	-0.2693810166263556	-1	-0.513416662945745	-0.24403564631938934	1.0859254424157245	-0.8924290211245112	-0.926569428107871	-1.2825513236648822	-0.38822288904885677	0.5825192178249363	-0.034136053	0.1218028	0.045274448	-0.118966825	-0.021367984	-0.020228168		0.0017616507	18_5	4003961	5004950	18	True
-0.33348858	3.056322	Length_Counts.E1	0	0.22910413949150665	1	0.557933219357916	0.3288290798664093	1.0329692977822584	-0.8122887095567892	-0.7336701633270825	-0.4481824222118992	-0.3399249387407927	0.2693840131731286	-0.013621715	0.066204846	0.07677122	0.008247279	0.021264888	0.023841985		0.014068309	18_27	26025741	27026730	18	True
8.205429	1.7614299	Length_Counts.E25	3	-0.08497685286642948	0	0.240252166060191	0.3252290189266205	1.1274984905391934	-0.7722185537729283	-0.926569428107871	-0.06892383064236143	-0.46670705829946085	0.39463809503385155	0.08868395	-0.00095216313	0.05775052	0.012310732	-0.022790663	0.0008378597		0.037045617	18_37	36035641	37036630	18	False
12.291543	3.6678421	Length_Counts.E2	2	-0.24290445903026908	-1	0.0175439967802778	0.2604484558105469	1.1962919868387427	-0.8523588653406502	-0.926569428107871	-0.05518570448624034	-0.502930521030509	0.44160837573162276	0.09740548	0.11851132	0.03296354	0.012185085	-0.02553297	-0.025313467	-1.3753519248415114	0.039922204	18_41	40039601	41040590	18	False
1.0430372	2.6945686	Length_Counts.E2	0	-0.02538257741101904	0	0.0863857576929696	0.11176833510398865	0.9659352322693628	-0.8924290211245112	-0.926569428107871	-0.3965184368988243	-0.521042252396033	0.6608030189878881	-0.034588467	0.13314293	0.039248202	0.0057108277	-0.025190828	-0.0239437		0.015142621	18_50	49048511	50049500	18	False
11.822519	3.7304778	Length_Counts.E2	2	-0.06739648267423048	0	0.256513515265833	0.3239099979400635	1.149274849080058	-0.8924290211245112	-0.926569428107871	-0.7378511693114084	-0.4304835955684128	0.7156016798019545	0.10862474	0.12020451	0.043366786	0.003173314	-0.023278669	-0.016025627		0.019051984	18_59	58057421	59058410	18	False
11.86881	3.5889049	Length_Counts.E2	2	0.21370500414824756	0	0.602610290937188	0.38890528678894043	1.2146039247026517	-0.8924290211245112	-0.926569428107871	-0.8895546059392234	-0.38822288904885677	0.5590340774760508	0.1151289	0.13407543	0.04585884	-0.01452029	-0.018888656	-0.014150174		0.027926095	18_63	62061381	63062370	18	True
11.582204	3.7213879	Length_Counts.E2	2	0.1766484945156092	0	0.392917942915153	0.21626944839954376	1.2180683453796075	-0.8924290211245112	-0.926569428107871	-0.9274804650961772	-0.4425580831454288	0.5433773172434604	0.10040818	0.110790536	0.045902327	-0.010138037	-0.021953428	-0.015549072	-1.3410794374699733	0.033884164	18_64	63062371	64063360	18	True
8.186701	1.7457156	Length_Counts.E25	3	-0.22016195430716967	0	-0.079214970016093	0.14094698429107666	1.1329425801744095	-0.7321483979890674	-0.8301197957174767	-0.965406324253131	-0.4425580831454288	0.7469152002671353	0.10191265	-0.01718241	0.065592684	-0.047860604	-0.024784118	-0.021788515	-1.8947119257794371	0.06837024	18_65	64063361	65064350	18	False
10.990749	3.5588584	Length_Counts.E2	2	-0.1355480954786225	0	0.151699532494934	0.2872476279735565	1.1720410421000527	-0.8924290211245112	-0.926569428107871	-1.1550356200379	-0.533116739973049	0.48075027631309886	0.124039695	0.1400847	0.046461232	-0.10163926	-0.028315397	-0.023716006		0.022149492	18_70	69068311	70069300	18	False
1.0712028	2.8125029	Length_Counts.E2	0	0.0026977688801090582	0	0.145481440497617	0.14278367161750793	0.3589167633565647	-0.8924290211245112	-0.7336701633270825	-0.3692900880586088	0.0343841761467039	-0.7013351212474755	-0.0023011884	0.14705396	0.061438967	0.007839784	0.01705466	-0.020941809		0.023103422	19_29	28061209	29063394	19	True
10.866001	3.5324566	Length_Counts.E2	0	-0.3465118143583593	-1	-0.332686754489964	0.013825059868395329	1.099436683055852	-0.8924290211245112	-0.926569428107871	-1.2884424316049	-0.4304835955684128	-0.5995661797356381	0.04016325	0.15893832	0.055192556	-0.11572035	-0.027168099	-0.029786583		0.022740673	2_5	4003281	5004100	2	True
11.51456	4.6880045	Length_Counts.E2	2	-0.31166331332810965	-1	-0.0788610861886367	0.23280222713947296	1.1964404620106124	-0.8924290211245112	-0.926569428107871	-0.6058929051297856	-0.49689327724200094	-0.5995661797356381	0.13375555	0.15206681	0.050841216	-0.009188208	-0.026519803	-0.023258545		0.006803404	2_23	22018041	23018860	2	False
12.270005	4.6743445	Length_Counts.E2	2	-0.00907532038302139	0	0.305845820287755	0.31492114067077637	1.171199682792792	-0.8924290211245112	-0.926569428107871	-0.11294046934220302	-0.48481878966498493	-0.8735594838059698	0.12309843	0.1510983	0.048133038	0.010257561	-0.027731525	-0.003345586		0.026920717	2_36	35028701	36029520	2	False
12.224956	4.597594	Length_Counts.E2	2	0.19854849288016463	0	0.483510521145164	0.2849620282649994	1.1528877449288832	-0.8924290211245112	-0.926569428107871	0.11457603948283507	-0.47274430208796886	-0.7952756826430178	0.13534312	0.13551305	0.04597193	0.019030817	-0.028379718	-0.02000716		0.034786433	2_42	41033621	42034440	2	True
12.281731	4.6442966	Length_Counts.E2	2	-0.29210052267509384	-1	0.019286688409272	0.31138721108436584	1.1702098483136618	-0.8924290211245112	-0.926569428107871	0.5316896389954049	-0.38822288904885677	-0.9127013843874459	0.120607756	0.13043833	0.05557203	0.034564655	-0.020142503	0.008866129		0.026977682	2_53	52042641	53043460	2	False
12.264154	4.595312	Length_Counts.E2	2	-0.26282963828158246	-1	-0.046788594880818	0.21604104340076447	1.1924811240940916	-0.8924290211245112	-0.926569428107871	0.7971255659579494	-0.37011115768333275	-0.8657311036896747	0.11369579	0.13418894	0.055470075	0.03409333	0.0016035809	-0.013459327		0.031405922	2_60	59048381	60049200	2	False
12.280604	4.619623	Length_Counts.E2	2	0.13107258636821018	0	0.406375026296265	0.2753024399280548	1.2266304136240838	-0.8924290211245112	-0.926569428107871	1.4417556742955573	-0.47878154587647687	-0.959671665085217	0.10915438	0.13504174	0.055531755	0.030768551	-0.028000658	0.0073367287		0.029576853	2_77	76062321	77063140	2	True
12.277757	4.593657	Length_Counts.E2	2	0.11386275331788553	0	0.427245647118621	0.3133828938007355	1.1599155697307078	-0.8924290211245112	-0.926569428107871	1.4796750924330635	-0.47878154587647687	-0.9518432849689218	0.111950524	0.12025112	0.050648827	0.03002297	-0.028843958	0.00787428	-1.4272000467625567	0.05812163	2_78	77063141	78063960	2	True
12.260636	4.606656	Length_Counts.E2	2	0.2345197016576135	1	0.604804586825689	0.37028488516807556	1.1488318981506471	-0.8523588653406502	-0.926569428107871	1.51759451057057	-0.47274430208796886	-0.959671665085217	0.12144751	0.13244742	0.04212551	0.03300433	-0.029401235	0.009087432		0.02618553	2_79	78063961	79064780	2	True
12.26181	4.597154	Length_Counts.E2	2	0.1942867393679092	0	0.475882029075093	0.28159528970718384	1.1444741518562764	-0.8924290211245112	-0.926569428107871	1.5555139287080764	-0.539153983761557	-0.9909851855503977	0.11516276	0.1370459	0.049591087	0.02709576	-0.02526812	0.009884506	0.5759829010174764	-0.01404848	2_80	79064781	80065600	2	True
12.215732	4.5532465	Length_Counts.E2	2	-0.20171788991754874	0	-0.0943838274604641	0.10733406245708466	1.1578369173245342	-0.8924290211245112	-0.926569428107871	1.5934333468455826	-0.47878154587647687	-0.8657311036896747	0.109686434	0.14459035	0.045784194	0.022498282	-0.02846954	-0.006137836	-0.28302623758966694	-0.021351587	2_81	80065601	81066420	2	False
12.183946	4.634202	Length_Counts.E2	2	-0.05570268756254043	0	0.307520865141317	0.3632235527038574	1.1355656415441044	-0.8924290211245112	-0.926569428107871	1.631352764983089	-0.47274430208796886	-0.8579027235733795	0.13341242	0.13843383	0.05657173	0.03459868	-0.030987542	-0.0049231285		0.027932119	2_82	81066421	82067240	2	False
12.20369	4.5232525	Length_Counts.E2	2	0.28209151840256663	1	0.67055948591279	0.3884679675102234	1.1954506275314822	-0.8924290211245112	-0.926569428107871	1.6692721831205952	-0.527079496184541	-0.9283581446200362	0.1140105	0.14293326	0.0475228	0.03329935	-0.030703388	0.014759019		0.025264539	2_83	82067241	83068060	2	True
12.209993	4.5595345	Length_Counts.E2	2	-0.4453531261102584	-1	-0.27145524877471	0.1738978773355484	1.180603110344529	-0.8924290211245112	-0.926569428107871	2.9206129816583046	-0.7202712974167973	-0.6073945598519332	0.09980707	0.12735985	0.046743475	0.021141147	-0.015918322	-0.030340984	-1.1354445132407451	-0.0045265984	2_116	115094301	116095120	2	True
12.0414095	4.5042562	Length_Counts.E2	2	-0.08958416682978311	0	0.0964376528809484	0.1860218197107315	1.1702098483136618	-0.8924290211245112	-0.926569428107871	3.0632362100642814	-0.7866809790903855	-0.435170197293439	0.10412315	0.14565545	0.0436635	0.024604294	-0.021953264	-0.030351628		0.008618702	2_124	123100861	124101680	2	False
12.170365	4.510137	Length_Counts.E2	2	-0.19682255224800638	0	-0.0290458037099891	0.16777674853801727	1.185057365500615	-0.8924290211245112	-0.926569428107871	2.987397373789269	-0.8651651483409895	-0.5212823785726861	0.099254794	0.1512316	0.054949936	0.025432175	-0.016682373	-0.03413158	-0.7294473551471385	-0.017253216	2_126	125102501	126103320	2	False
0.9076897	2.7745483	Length_Counts.E2	0	-0.027239694069014428	0	0.0920377235907451	0.11927741765975952	0.5801744644765402	-0.8924290211245112	-0.7336701633270825	2.4565255198641798	-0.8349789293984493	-0.30991611543271586	-0.0005672809	0.15040582	0.047975134	0.021909578	-0.010621702	0.0077835685	-0.9869304012974118	-0.021662837	2_140	139113981	140114800	2	False
11.258133	4.3912864	Length_Counts.E2	2	0.26109856389296904	1	0.679451048596033	0.41835248470306396	1.2167320688327816	-0.8924290211245112	-0.926569428107871	2.4186061017266733	-0.8349789293984493	-0.32557287566530624	0.1279029	0.14898449	0.041740086	0.03482953	-0.01668648	0.009247199		0.024822408	2_141	140114801	141115620	2	True
0.8475243	2.8024137	Length_Counts.E2	0	0.05023001050405396	0	0.466392769569682	0.41616275906562805	1.0781552417545524	-0.8924290211245112	-0.926569428107871	2.1910895929016356	-0.8591279045524814	-0.26294583473494465	-0.0049902042	0.16732061	0.047805272	0.035843305	-0.013770296	0.019718623		0.025377069	2_147	146119721	147120540	2	True
0.8467821	2.8129857	Length_Counts.E2	0	0.04597227730015985	0	0.537924100534718	0.4919518232345581	0.9930294765493545	-0.8924290211245112	-0.926569428107871	2.153170174764129	-0.8953513672835297	-0.34905801601419173	-0.016871218	0.14127423	0.053861953	0.037586488	-0.012706685	0.009565515		0.01806248	2_148	147120541	148121360	2	True
8.398723	1.8823545	Length_Counts.E25	3	0.25663048037049707	1	0.593279868445372	0.3366493880748749	1.2073286412810447	-0.8122887095567892	-0.926569428107871	1.8498148296640784	-0.7866809790903855	-0.4038566768282582	0.09783826	0.047937594	0.05227001	0.028900065	-0.007885443	-0.015537509	-1.4447756813120636	0.06516864	2_156	155127101	156127920	2	True
12.015231	4.110682	Length_Counts.E2	2	0.0626805120541094	0	0.665012150390291	0.6023316383361816	1.190501455135831	-0.8924290211245112	-0.926569428107871	0.7501517036763943	-0.7142340536282893	-0.638708080317114	0.10221645	0.13888378	0.040688798	0.03392981	-0.014435601	-0.023846958		0.045302827	2_185	184150881	185151700	2	True
11.261588	4.1662316	Length_Counts.E2	2	0.30151780262011063	1	1.0840045989992	0.7824867963790894	1.199409965448003	-0.8924290211245112	-0.8301197957174767	0.3709575223013308	-0.6840478346857493	-0.5995661797356381	0.12899333	0.157926	0.05407666	0.04108865	-0.009324398	-0.018363684		0.034669608	2_195	194159081	195159900	2	True
12.062018	4.077928	Length_Counts.E2	2	0.1364054436179577	0	0.838750695655006	0.7023452520370483	1.1924811240940916	-0.8924290211245112	-0.926569428107871	0.3330381041638244	-0.6961223222627653	-0.7169918814800659	0.1273053	0.15805106	0.04156902	0.043495785	-0.011341728	-0.014662571		0.03503163	2_196	195159901	196160720	2	True
0.97313327	2.749204	Length_Counts.E2	0	0.05528635607657151	0	0.300327249631259	0.2450408935546875	0.8800943116529933	-0.8924290211245112	-0.926569428107871	-0.19783374976126444	-0.7081968098397813	-0.4508269575260294	-0.024047868	0.14306538	0.048451208	0.013937928	-0.009540084	-0.02007789	-1.0264755790338023	-0.022516442	2_210	209171381	210172200	2	True
12.041996	4.0616617	Length_Counts.E2	2	-0.2882908674280668	-1	-0.0701161267559553	0.2181747406721115	1.170704765553227	-0.8924290211245112	-0.926569428107871	-0.31159200417378347	-0.7202712974167973	-0.4038566768282582	0.10563093	0.13630262	0.035252824	0.008673128	-0.014950153	-0.015868986	-1.4746542600462256	0.04634627	2_213	212173841	213174660	2	False
0.73887485	2.8926005	Length_Counts.E2	0	0.28080921443995244	1	0.676987459984386	0.3961782455444336	1.0449487695659319	-0.8924290211245112	-0.926569428107871	-0.38743084044879617	-0.7081968098397813	-0.34905801601419173	0.0014734465	0.14762141	0.044221785	0.0077648163	-0.011217093	0.0058639413	-1.2637466454521438	0.041976567	2_215	214175481	215176300	2	True
1.0328808	2.7895634	Length_Counts.E2	0	0.15473200307015966	0	0.347877397395416	0.19314539432525635	0.9568262804751672	-0.8924290211245112	-0.926569428107871	-0.6563377191265112	1.1150508142896376	-1.0144703258992833	-0.025596045	0.15449364	0.06748649	0.0046589137	0.016158102	0.007208063	-0.13011821700895734	-0.014370647	20_42	41016606	42017010	20	True
0.92827487	2.7694376	Length_Counts.E2	0	0.20723887485388448	0	0.407926506818568	0.20068763196468353	0.9523769744914768	-0.8924290211245112	-0.926569428107871	-0.9014629142470293	-0.20106833160510848	-0.34905801601419173	-0.024311211	0.14504756	0.058861166	-0.018183611	0.021653967	0.007336809		0.019720372	21_30	29078475	30081180	21	True
1.4912145	2.5164528	Length_Counts.E2	0	-0.0480273324571035	0	-0.209626864226856	-0.1615995317697525	0.589976300406127	-0.8924290211245112	-0.926569428107871	-1.4201224437463937	-0.545191227550065	2.4065317849217163	-0.020431686	0.1466589	0.038921364	-0.10957939	-0.031698637	0.013701		-0.0047878926	22_49	48286609	49292579	22	True
-2.233929	3.2837422	distance.to.telomere	3	-0.5484299308697209	-1	-0.780147219363831	-0.2317172884941101	1.1949210660851475	-0.7722185537729283	-0.926569428107871	-1.429845920369282	-0.3459621825293007	-0.4195134370608486	0.078936346	-0.00029857748	0.08504598	-0.11032668	0.009108575	-0.037586473	-0.8981734468224035	-0.030508459	3_3	2000227	3000339	3	True
11.008516	3.4722753	Length_Counts.E2	2	-0.005096358813126978	0	0.211189555369536	0.21628591418266296	1.116229224994296	-0.8924290211245112	-0.926569428107871	-1.278275396072182	-0.33388769495228465	-0.5291107586889813	0.128337	0.14332205	0.04699504	-0.11093663	0.01591683	-0.03387641		0.020887543	3_7	6000679	7000791	3	False
11.503209	3.7984226	Length_Counts.E25	2	0.17220000775432887	0	0.521038843708995	0.34883883595466614	1.168195535148632	-0.8924290211245112	-0.926569428107871	-0.6719932988837822	-0.5693402027040971	-0.23163231426976386	0.12881155	0.12625863	0.05838316	0.0005650559	-0.024416525	0.016637428		0.0144594405	3_23	22002487	23002599	3	True
8.155243	2.1461039	Length_Counts.E25	3	0.266807920037069	1	0.785545176564016	0.518737256526947	1.163741279992546	-0.6920782422052064	-0.926569428107871	-0.17938909491820745	-0.6900850784742573	0.12064479096351996	0.13877237	0.00052981393	0.066306986	0.017221639	-0.0036908244	0.016835453	-1.1372020766956954	0.01540249	3_36	35003956	36004068	3	True
12.301094	3.9280622	Length_Counts.E2	2	-0.1990770103117275	0	-0.134771362104063	0.06430564820766449	1.169185369627762	-0.8924290211245112	-0.8301197957174767	0.7679266819386671	-0.9013886110720376	0.5668624575923461	0.10803438	0.13349594	0.051418893	0.027429802	-0.013511802	-0.026772292	-0.7329624820570404	-0.012479114	3_61	60006781	61006893	3	True
11.988429	3.6191707	Length_Counts.E2	2	0.17035872702899324	0	0.700569877675203	0.5302111506462097	1.139490335253856	-0.8924290211245112	-0.926569428107871	1.0710677305328669	-0.7866809790903855	0.6921165394530688	0.11927666	0.121813156	0.046312213	0.02548451	-0.012196711	-0.010743258		0.030707438	3_69	68007685	69007797	3	True
1.1220942	2.903215	Length_Counts.E2	0	0.1746122894397633	0	0.251617683242883	0.07700539380311966	1.0770169321035528	-0.8523588653406502	-0.926569428107871	1.1468529926814168	-0.8229044418214335	0.598175978057527	-0.015486341	0.13253468	0.048497323	0.026427995	-0.013159563	-0.01334599		0.024291325	3_71	70007911	71008023	3	True
12.275498	3.2147682	Length_Counts.E2	2	0.2922871359413478	1	0.725023026091418	0.4327358901500702	1.2147177556677518	-0.8924290211245112	-0.926569428107871	1.3742087791270667	-0.7202712974167973	0.41812323538273727	0.097755425	0.13624567	0.042166144	0.032957643	-0.010594501	-0.0164539	-1.3059281683709605	0.060392186	3_77	76008589	77008701	3	True
12.256315	3.8291855	Length_Counts.E2	2	-0.21256560427865373	0	0.141540672948748	0.35410627722740173	1.116724142233861	-0.8924290211245112	-0.926569428107871	1.6015645655727166	-0.6236753968006691	0.1989285921264717	0.11550895	0.13493477	0.042665396	0.0243018	-0.02910085	0.016203921		0.022793518	3_83	82009267	83009379	3	False
12.2901535	3.2126374	Length_Counts.E2	2	0.24454210981098445	1	0.793871629082835	0.5493295192718506	1.1503785145242882	-0.8924290211245112	-0.926569428107871	1.6394571966469915	-0.6116009092236531	0.050189369916863055	0.1215035	0.13701427	0.050073754	0.03287543	-0.031875618	0.022261282		0.025954764	3_84	83009380	84009492	3	True
8.219385	2.145381	Length_Counts.E25	3	-0.09214077704149459	0	0.243189262221277	0.3353300392627716	1.1439198445479635	-0.631973008529415	-0.7818949795222796	1.6773498277212666	-0.508967764819017	0.01104746933538718	0.1255972	-0.039198577	0.070174135	0.0314669	-0.02780734	0.022649035		0.020460805	3_85	84009493	85009605	3	False
12.256505	3.2564266	Length_Counts.E2	2	0.0276306952034302	0	0.633949467042572	0.6063187718391418	1.18802191976561	-0.8924290211245112	-0.926569428107871	1.7152424587955415	-0.515005008607525	-0.028094431246088927	0.11373351	0.12457576	0.052696787	0.029405717	-0.028406791	0.026011202	-1.5959261384378216	0.0758453	3_86	85009606	86009718	3	True
8.172835	2.166116	Length_Counts.E25	3	0.3930830691483721	1	0.951727542701076	0.5586444735527039	1.1330564111395094	-0.5718677748536235	-0.926569428107871	1.8668129830926414	-0.3459621825293007	-0.27860259496753503	0.122246765	-0.03525892	0.07290337	0.031641472	0.0167863	0.019746054	-1.4904723311407808	0.078903325	3_90	89010058	90010170	3	True
11.638203	3.457671	Length_Counts.E2	2	0.27772430730348285	1	0.778954249148423	0.5012299418449402	1.131571659420814	-0.8523588653406502	-0.8301197957174767	2.1596729143332047	-0.1527703812970444	-0.9988135656666929	0.105555914	0.13584794	0.05514946	0.023859307	0.023876645	0.021142691	-1.1196264421461883	-0.0020957359	3_103	102011527	103011639	3	True
12.257069	3.2822843	Length_Counts.E2	2	0.4165965187738627	1	1.27181522728903	0.8552187085151672	1.1889820592103661	-0.8924290211245112	-0.926569428107871	2.1217802832589294	-0.21314281918212452	-0.9909851855503977	0.116782635	0.1564412	0.05118586	0.032413337	0.030050376	0.0058834334		0.031411495	3_104	103011640	104011752	3	True
0.9400992	2.8210235	Length_Counts.E2	0	0.08949566060844777	0	0.264426277821697	0.1749306172132492	0.8524383363060953	-0.8924290211245112	-0.8301197957174767	1.9323171278875546	-0.14069589372002836	-0.9675000452015121	-0.018301094	0.17975931	0.06623303	0.019077087	0.021155873	0.019200059	-0.7839318222506099	-0.0038949077	3_109	108012205	109012317	3	True
12.176773	3.4385905	Length_Counts.E2	2	-0.11465353777730758	0	0.543556858989355	0.6582103967666626	1.1711650385860224	-0.8924290211245112	-0.6372205309366882	0.5681824092136554	0.08871937024327593	-1.077097366829645	0.123547174	0.15634985	0.021793738	0.034517854	0.02279183	0.0034579951		0.026282547	3_145	144016273	145016385	3	False
12.076188	3.3955114	Length_Counts.E2	2	-0.3970658936988646	-1	0.205569609116382	0.6026355028152466	1.1889820592103661	-0.8924290211245112	-0.926569428107871	-0.11388495012329428	0.28794841526404025	-1.1318960276437113	0.13321474	0.14469738	0.0468772	0.010913053	0.024881791	0.008013701		0.019678388	3_163	162018307	163018419	3	False
11.947704	3.4900196	Length_Counts.E2	2	-0.08797328152033351	0	0.453381613117728	0.5413548946380615	1.1503785145242882	-0.8924290211245112	-0.926569428107871	-0.15177758119756926	0.28191117147553235	-1.037955466248169	0.14553507	0.15832792	0.04763757	0.00958292	0.023528727	0.008891096		0.019977221	3_164	163018420	164018532	3	False
8.10253	1.7968833	Length_Counts.E25	3	0.34666500507987186	1	0.773954848639137	0.42728984355926514	1.1850227212938453	-0.49172746328590167	-0.926569428107871	-0.18967021227184425	0.3422836093606125	-1.1553811679925967	0.11577109	-0.03462908	0.07106879	0.019917069	0.02416345	0.0054569347	-0.8234769999869991	-0.012990516	3_165	164018533	165018645	3	True
1.4290956	2.9842834	Length_Counts.E2	0	0.2218130509162004	0	0.763051418473726	0.5412383675575256	1.054364570048658	-0.8523588653406502	-0.6372205309366882	-0.22756284334611923	0.41473053482270844	-1.1005825071785305	0.006105607	0.15042183	0.027132928	0.014387381	0.020601474	0.018675571	-1.8947119257794371	0.08242988	3_166	165018646	166018758	3	True
12.1339855	3.3112395	Length_Counts.E2	2	0.1304242716812859	0	0.802837680437542	0.6724134087562561	1.1716599558255876	-0.8924290211245112	-0.926569428107871	-0.2654554744203942	0.4811402164962966	-1.1084108872948255	0.12572004	0.15830019	0.050404504	0.015469593	0.02563665	0.013001867		0.02678946	3_167	166018759	167018871	3	True
11.845243	4.5890923	Length_Counts.E2	2	0.12410146594401411	0	0.467990285161696	0.3438888192176819	1.1458945643338283	-0.8924290211245112	-0.926569428107871	-0.7412464579922464	-0.7746064915133695	0.6842881593367738	0.13668911	0.14424469	0.052442845	-0.0026968932	-0.018950824	-0.013884338		0.027915793	4_20	19015334	20016140	4	True
12.197225	4.5189095	Length_Counts.E2	2	0.17287477206827784	0	0.330607690926806	0.15773291885852814	1.1270877092303544	-0.8924290211245112	-0.926569428107871	-0.6654086068143257	-0.7323457849938133	0.7312584400345452	0.111531466	0.12038553	0.04514801	0.008479931	-0.012521136	-0.010951929	-0.9438700966511208	-0.022476925	4_22	21016948	22017754	4	True
11.36074	4.710376	Length_Counts.E2	2	-0.28589690592763783	-1	-0.155060448913554	0.13083645701408386	1.1236232885533985	-0.8924290211245112	-0.926569428107871	-0.39997612769160307	-0.8047927104559094	0.5825192178249363	0.1259503	0.13707712	0.050721627	-0.0014183065	-0.020970488	-0.022523789		0.009869173	4_29	28022597	29023403	4	True
11.477579	4.7186065	Length_Counts.E2	2	-0.2273092015554705	0	-0.0023887946178713	0.22492040693759918	1.2042947986025105	-0.8924290211245112	-0.926569428107871	-0.3620572021026427	-0.7746064915133695	0.6608030189878881	0.122673266	0.13992094	0.04092644	-0.0010830662	-0.019090315	-0.013022028		0.008400597	4_30	29023404	30024210	4	False
11.45343	4.73385	Length_Counts.E2	2	-0.03154323850598845	0	0.393273012295098	0.4248162508010864	1.159257329802086	-0.8924290211245112	-0.926569428107871	-0.21038149974680126	-0.8047927104559094	0.5198921768945747	0.14248082	0.144646	0.043746	0.0044319853	-0.018080734	-0.018028079		0.012887966	4_34	33026632	34027438	4	False
11.440099	4.6934886	Length_Counts.E2	2	-0.04649194743471735	0	0.136645603515333	0.18313755095005035	1.197365957248599	-0.8924290211245112	-0.926569428107871	-0.1724625741578409	-0.8168671980329254	0.43377999561532765	0.12019444	0.14046854	0.047707826	0.002928635	-0.018389916	-0.011588972		0.0027332657	4_35	34027439	35028245	4	False
11.567362	4.636001	Length_Counts.E2	2	0.07696935726961107	0	0.48628333403429	0.40931397676467896	1.192416784852948	-0.8924290211245112	-0.926569428107871	-0.13454364856888051	-0.7746064915133695	0.5433773172434604	0.13041568	0.13907857	0.046480328	0.0078154225	-0.01564324	-0.013668107		0.01084469	4_36	35028246	36029052	4	True
11.55162	4.651959	Length_Counts.E25	2	-0.3082129429911016	-1	0.140519492712176	0.4487324357032776	1.1562878263646954	-0.8523588653406502	-0.8301197957174767	0.24464560732072316	-0.7444202725708292	0.2302421125916525	0.14707404	0.14315903	0.049083076	0.029261084	-0.016857022	0.014736285		0.019812332	4_46	45036316	46037122	4	False
8.327274	1.9548109	Length_Counts.E25	3	0.017722250790465577	0	0.151861028642524	0.1341387778520584	1.1374809712612215	-0.49172746328590167	-0.926569428107871	0.28256453290968353	-0.6961223222627653	0.09715965061463425	0.113465816	-0.03265311	0.05540623	0.035954274	-0.011273613	0.018026378	-1.4043517218481973	0.048896722	4_47	46037123	47037929	4	True
11.979141	4.590951	Length_Counts.E2	2	0.12281879592019651	0	0.596783725500885	0.4739649295806885	1.1953862882903388	-0.8924290211245112	-0.926569428107871	0.8134294911551286	-0.521042252396033	-0.17683365345569757	0.11985516	0.14778297	0.056823265	0.03851825	-0.0299757	0.017461214		0.026279677	4_61	60048421	61049227	4	True
11.8615265	4.625615	Length_Counts.E2	2	0.08881698690951789	0	0.618973897328982	0.5301569104194641	1.1719569061693267	-0.8924290211245112	-0.926569428107871	0.851348416744089	-0.44859532693393683	-0.17683365345569757	0.11280067	0.13997614	0.061082482	0.037513815	-0.026727315	0.015702385		0.03429785	4_62	61049228	62050034	4	True
8.198923	2.1002076	Length_Counts.E25	3	-0.2959327982161677	-1	-0.295852493122734	8.030509343370795e-05	1.1158778337542046	-0.25130652858273594	-0.926569428107871	0.8892673423330494	-0.5693402027040971	-0.13769175287422147	0.112989455	-0.037242793	0.06957159	0.031234927	-0.018871086	0.012265589		0.0144452965	4_63	62050035	63050841	4	True
11.67279	4.590297	Length_Counts.E2	2	-0.14572786288345818	0	0.359019825886836	0.5047476887702942	1.1884574469364273	-0.8924290211245112	-0.926569428107871	0.9271862679220098	-0.557265715127081	-0.17683365345569757	0.11365434	0.14310402	0.056777213	0.037519462	-0.026512623	0.015061721		0.018013941	4_64	63050842	64051648	4	False
11.581067	4.596965	Length_Counts.E2	2	0.014213805801218726	0	0.402621036178416	0.38840723037719727	1.1835082745407761	-0.8924290211245112	-0.926569428107871	0.9651051935109701	-0.5874519340696212	-0.10637823240904068	0.12825096	0.13839826	0.050625023	0.036867715	-0.028355138	0.010899734		0.01659596	4_65	64051649	65052455	4	True
11.538359	4.605767	Length_Counts.E2	2	0.02949816851047149	0	0.548628040832554	0.5191298723220825	1.1478742332920886	-0.8924290211245112	-0.926569428107871	1.0030241190999305	-0.5693402027040971	-0.15334851310681186	0.12791687	0.14202966	0.04910399	0.037822023	-0.026189467	0.012000723	-1.6785316208205032	0.06257107	4_66	65052456	66053262	4	True
11.587989	4.597652	Length_Counts.E25	2	-0.23837149200123844	-1	-0.0046485817162424	0.23372291028499603	1.1632166677186069	-0.8523588653406502	-0.926569428107871	1.0788619702778512	-0.5693402027040971	-0.0828930920601552	0.13761252	0.12913455	0.048799746	0.033716545	-0.028204396	0.005740268		0.014399724	4_68	67054070	68054876	4	False
12.08231	4.4334044	Length_Counts.E2	2	0.047228879932285306	0	0.348816014531971	0.30158713459968567	1.1404504746986122	-0.8924290211245112	-0.926569428107871	1.268456598222653	-0.41237186420288885	-0.25511745461864954	0.115828924	0.12473116	0.056078896	0.031813536	-0.018094268	0.013696352	-1.0850610275321524	-0.013640118	4_73	72058105	73058911	4	True
11.330109	4.4067125	Length_Counts.E2	2	-0.007695817574791819	0	0.44813547171659	0.45583128929138184	1.1835082745407761	-0.8924290211245112	-0.926569428107871	2.0268351100018607	-0.6055636654351451	0.22241373247535742	0.14546822	0.16223001	0.053797055	0.037231885	-0.028026756	0.010999385		0.018116554	4_93	92074245	93075051	4	False
8.099995	2.2382689	Length_Counts.E25	3	-0.2294352907916253	-1	-0.119669150211448	0.10976614058017731	1.1765794331868646	-0.6520080864213454	-0.926569428107871	2.0647540355908207	-0.6297126405891771	0.10498803073092956	0.12361264	-0.023846148	0.053055167	0.029314721	-0.02206172	0.010684441	-1.4658664427714714	0.057723526	4_94	93075052	94075858	4	True
11.371684	4.437455	Length_Counts.E2	2	-0.2237371576805124	0	0.0182553755264273	0.2419925332069397	1.1414403091777423	-0.8924290211245112	-0.926569428107871	2.102672961179781	-0.6659361033202252	0.13630155119611034	0.1402307	0.15916455	0.04527139	0.025884533	-0.019632174	0.011121869	3.569552855662215	-0.02607001	4_95	94075859	95076665	4	False
8.601486	1.7346762	Length_Counts.E25	3	-0.14831588867110118	0	0.144167053671657	0.2924829423427582	1.1815286055825158	-0.8122887095567892	-0.926569428107871	2.0141142481465866	-0.7081968098397813	0.206756972242767	0.114179	0.046337914	0.04856083	0.025843479	-0.013355921	0.0142244175		0.037376557	4_98	97078280	98079086	4	False
8.514138	1.6428375	Length_Counts.E25	3	0.0562263045999305	0	0.311401030847718	0.2551747262477875	1.1394606402194818	-0.6920782422052064	-0.6372205309366882	1.9761953225576263	-0.7021595660512733	0.2537272529405382	0.110784024	-0.011351955	0.03329679	0.027804887	-0.0113108	0.015600145	-1.2760495896367987	0.062052216	4_99	98079087	99079893	4	True
-2.0262814	0.83266956	mean.GC.content	0	0.13337415102027228	0	0.254303414552434	0.12092926353216171	0.9906340771098594	-0.8122887095567892	-0.6854453471318853	1.748681769023864	-0.6780105908972412	0.14412993131240542	-0.020885628	0.07120001	0.033263195	0.024577333	-0.0038830177	0.018335167	-1.3147159856457133	0.076014884	4_105	104083929	105084735	4	True
8.408441	1.9427856	Length_Counts.E25	3	0.1336184784877843	0	0.48787495942002	0.3542564809322357	1.1236232885533985	-0.4115871517181797	-0.926569428107871	1.3315735875452999	-0.7202712974167973	0.22241373247535742	0.1279516	-0.03813111	0.07005765	0.037596017	-0.009938675	0.018819354	-1.350746036472202	0.06049768	4_116	115092806	116093612	4	True
11.443354	4.364392	Length_Counts.E2	2	0.07720796064350166	0	0.734276272811623	0.6570683121681213	1.1557929091251304	-0.8924290211245112	-0.926569428107871	1.2936546619563396	-0.6598988595317171	0.2302421125916525	0.15280375	0.15355721	0.05632249	0.031986818	-0.028023135	0.01069171		0.03607006	4_117	116093613	117094419	4	True
8.339879	2.0014627	Length_Counts.E25	3	0.23946224378169612	1	0.527142988906513	0.2876807451248169	1.173115012509909	-0.7121133200971369	-0.7818949795222796	1.2557357363673791	-0.7081968098397813	0.2145853523590621	0.1193876	-0.010513914	0.069873944	0.029105576	-0.011096682	0.02605416	-0.39902542561641097	-0.008638287	4_118	117094420	118095226	4	True
11.144525	4.3706074	Length_Counts.E2	2	0.08132821180768623	0	0.559140531801659	0.4778123199939728	1.1943964538112084	-0.8924290211245112	-0.926569428107871	0.7627897037108944	-0.6961223222627653	0.14412993131240542	0.14797074	0.1498174	0.05007795	0.03980552	-0.009897043	0.013852002		0.016870556	4_131	130104911	131105717	4	True
8.481788	2.2586575	Length_Counts.E25	3	0.2773682978101598	1	0.905866613621317	0.6284983158111572	1.1622268332394767	-0.7722185537729283	-0.926569428107871	0.724870778121934	-0.7142340536282893	0.12064479096351996	0.1628133	0.017722983	0.069727935	0.035029944	-0.008487018	0.019426694		0.032005347	4_132	131105718	132106524	4	True
11.233443	4.2630415	Length_Counts.E25	2	-0.006429978529625013	0	0.73640500672657	0.7428349852561951	1.1369860540216563	-0.8924290211245112	-0.926569428107871	0.6869518525329738	-0.6719733471087332	0.15978669154499583	0.15843825	0.15528592	0.055904716	0.04389636	-0.020039665	0.015092511		0.022819165	4_133	132106525	133107331	4	False
8.301624	1.9353017	Length_Counts.E25	3	0.051189254227045455	0	0.375526349249247	0.32433709502220154	1.1335216333447007	0.2696054966074564	-0.926569428107871	0.6490329269440134	-0.7263085412053053	0.15978669154499583	0.13600937	-0.038884778	0.07078187	0.031561024	-0.008148131	0.017044388	-1.6117442095323784	0.079081625	4_134	133107332	134108138	4	True
8.462425	1.7493998	Length_Counts.E25	3	-0.03540320706109454	0	0.234446480753618	0.2698496878147125	1.2072643020399012	-0.7521834758809979	-0.6854453471318853	0.5731950757660926	-0.7383830287823213	0.12064479096351996	0.114943355	-0.0047390675	0.0360216	0.035266515	-0.010002179	0.016739542		0.045605157	4_136	135108946	136109752	4	False
11.566494	4.240326	Length_Counts.E25	2	-0.22602521890689836	0	0.4002051997752	0.6262304186820984	1.197365957248599	-0.8924290211245112	-0.926569428107871	0.5352761501771323	-0.7564947601478453	0.12847317107981504	0.14213234	0.13409537	0.04748682	0.03797013	-0.0114405025	0.013737613		0.03505662	4_137	136109753	137110559	4	False
11.1835375	4.221626	Length_Counts.E25	2	0.31689276794285437	1	1.07587536672444	0.7589825987815857	1.2028100468838152	-0.8523588653406502	-0.7818949795222796	0.49735722458817183	-0.7142340536282893	0.22241373247535742	0.15604594	0.14359473	0.054627735	0.044447728	-0.01058748	0.01751985		0.024093267	4_138	137110560	138111366	4	True
11.16908	4.2906747	Length_Counts.E2	2	-0.24955715505873144	-1	0.229954284741531	0.47951143980026245	1.1914269503738177	-0.8924290211245112	-0.926569428107871	-0.41269698954687695	-0.6538616157432091	0.3398394342197853	0.15391454	0.15767513	0.052634157	0.002178892	-0.032701906	0.012168998		0.014838929	4_162	161129928	162130734	4	False
0.33577937	2.8584418	Length_Counts.E2	0	-0.15891008778351343	0	-0.0164884696795324	0.14242161810398102	0.9697040270486511	-0.8122887095567892	-0.7336701633270825	-0.4885348407247977	-0.6780105908972412	0.38680971491755645	-0.022895513	0.08124765	0.051292025	0.008508789	-0.012017647	-0.0023676776	-1.1811411630694624	0.019568179	4_164	163131542	164132348	4	False
12.170964	4.2258143	Length_Counts.E2	2	0.2803948752863551	1	0.804360472439065	0.52396559715271	1.2042947986025105	-0.8924290211245112	-0.926569428107871	-0.829805171025441	-0.7021595660512733	0.3163542938708998	0.12298846	0.1340705	0.050998908	0.004332215	-0.0155073125	0.020493751		0.027081888	4_173	172138805	173139611	4	True
7.720199	1.8653251	Length_Counts.E25	3	-0.08754861783571538	0	-0.0908318433012813	-0.00328322546556592	1.1117452748038361	-0.5718677748536235	-0.6854453471318853	-0.9814808733812825	-0.7444202725708292	0.41812323538273727	0.13782309	-0.036825612	0.050754383	-0.034692306	-0.011916973	-0.024628337	-1.222736831503301	0.007838432	4_177	176142033	177142839	4	True
10.997987	3.6767516	Length_Counts.E2	2	0.2265582452193574	0	0.607113874949582	0.3805556297302246	1.1939015365716434	-0.8924290211245112	-0.926569428107871	-1.0952376501481635	-0.7504575163593373	0.4024664751501469	0.1602375	0.16781539	0.050796326	-0.07879569	-0.014377661	0.0023447047		0.013083479	4_180	179144454	180145260	4	True
10.8786545	3.53591	Length_Counts.E25	2	0.06514517455821389	0	0.36823285609012	0.30308768153190613	1.1750946814681693	-0.8122887095567892	-0.926569428107871	-1.133156575737124	-0.7263085412053053	0.5198921768945747	0.13628542	0.0660719	0.055097777	-0.084260195	-0.014398333	-0.00979819		0.028894186	4_181	180145261	181146067	4	True
7.767818	1.812802	Length_Counts.E25	3	-0.011317869327741193	0	0.0263425319867558	0.037660401314496994	1.1221385368347032	-0.7121133200971369	-0.926569428107871	-1.1710755013260843	-0.7263085412053053	0.5668624575923461	0.14275953	-0.013584784	0.058039736	-0.0945048	-0.016974939	-0.027736811		0.009912464	4_182	181146068	182146874	4	False
1.3577777	2.6073983	Length_Counts.E2	0	-0.10534428744576713	0	0.283207215974109	0.3885515034198761	1.070276159300676	-0.8523588653406502	-0.7336701633270825	-1.1516031628860153	0.5716988733239169	-0.9831568054341026	-0.013396417	0.1414988	0.069782846	-0.08105846	0.020730425	8.1779435e-05		0.012862889	5_9	8040673	9045756	5	False
11.484767	3.4453604	Length_Counts.E2	2	0.16224493351132385	0	0.813763337995119	0.6515184044837952	1.2051708021165408	-0.8924290211245112	-0.926569428107871	-0.9992792666436642	0.5777361171124249	-1.0692689867133498	0.12816016	0.16161285	0.06228648	-0.0525962	0.027667575	0.0036913555		0.01877052	5_13	12061009	13066092	5	True
11.630617	3.4014366	Length_Counts.E2	2	-0.24469971303687252	-1	0.189496818735741	0.4341965317726135	1.1675570919095928	-0.8924290211245112	-0.926569428107871	-0.580388551977199	0.5475498981698849	-0.8109324428756083	0.11839554	0.16400361	0.054052114	-0.0012965259	0.019216413	-0.023090053	0.2249096008910785	-0.023768034	5_24	23116933	24122016	5	False
12.15273	3.316972	Length_Counts.E2	2	0.06140115556439152	0	0.7909308939906	0.7295297384262085	1.1868588642526319	-0.8523588653406502	-0.7336701633270825	-0.5423075779166112	0.5656616295354087	-0.8970446241548554	0.11369899	0.14223266	0.052462976	0.0080857845	0.022684226	-0.0038612797	-1.5959261384378216	0.06732514	5_25	24122017	25127100	5	True
12.00805	3.3747895	Length_Counts.E2	2	-0.07420150402744086	0	0.547360917294428	0.6215624213218689	1.1606282505556813	-0.8924290211245112	-0.926569428107871	-0.4661456297954357	0.5052891916503287	-0.9283581446200362	0.12757485	0.15285002	0.05770269	0.006817678	0.025371866	0.00059505296	-1.5555021789739567	0.071429595	5_27	26132185	27137268	5	False
12.055048	3.4001536	Length_Counts.E2	2	0.2544703451352336	1	0.961675581093333	0.7072052359580994	1.1235094575882987	-0.8924290211245112	-0.8301197957174767	-0.428064655734848	0.5415126543813767	-0.920529764503741	0.14647728	0.1567863	0.06127359	0.006735175	0.023908298	0.0095273405		0.014898884	5_28	27137269	28142352	5	True
11.576599	3.4779088	Length_Counts.E2	2	0.042754447057050005	0	0.634307717873853	0.591553270816803	1.172506264305244	-0.8924290211245112	-0.926569428107871	-0.3519027076136725	0.5113264354388366	-0.9283581446200362	0.12660241	0.14736225	0.051949587	0.0049914164	0.022587948	0.00021351431		0.013266074	5_30	29147437	30152520	5	True
1.3176442	2.848989	Length_Counts.E2	0	-0.21409568730021417	0	0.159099484055987	0.37319517135620117	1.0982686783704783	-0.8924290211245112	-0.8301197957174767	1.7806318397792413	-0.37011115768333275	0.39463809503385155	-0.017022524	0.13888824	0.06351158	0.01645367	0.0042225886	-0.0052956473	-0.14242116119361212	-0.013033463	5_86	85432141	86437224	5	False
1.4863852	3.0252275	Length_Counts.E2	0	0.004679823408334172	0	0.635499442110269	0.6308196187019348	1.0992585128496084	-0.8924290211245112	-0.7336701633270825	1.8948747619610047	-0.35803667010631673	0.37115295468496606	0.033727612	0.13970648	0.055587433	0.02552205	0.012521046	0.020420006		0.03521296	5_89	88447393	89452476	5	True
12.010224	3.3728504	Length_Counts.E2	2	-0.003644182822688302	0	0.612090334751622	0.6157345175743103	1.2219979882617544	-0.8924290211245112	-0.926569428107871	1.5657699260858682	-0.32785045116377665	0.2772123932894237	0.11840974	0.1509939	0.05726528	0.035915893	0.02001833	0.013929501		0.02762952	5_101	100508401	101513484	5	False
11.485634	3.5540917	Length_Counts.E2	2	-0.07636879297877747	0	0.310969338687406	0.38733813166618347	1.1942826228461085	-0.8924290211245112	-0.926569428107871	-0.07171195851940508	-0.2554035257016805	-0.004609290897203216	0.11767815	0.1412293	0.054613642	0.0028767022	0.028697658	0.019308288		-0.003450442	5_144	143727013	144732096	5	False
8.554807	2.1701143	Length_Counts.E25	3	0.10416217098791991	0	0.636578991514043	0.532416820526123	1.1408315609730773	-0.8122887095567892	-0.926569428107871	-0.37635975100410707	-0.2433290381246645	-0.020266051129793614	0.12123681	0.048517995	0.07718968	0.017610345	0.020793982	0.024740014	-0.8981734468224035	-0.019380359	5_152	151767685	152772768	5	True
8.11715	1.7399164	Length_Counts.E25	3	0.08909578909524885	0	0.604795592924442	0.5156998038291931	1.1898283676900225	-0.6920782422052064	-0.926569428107871	-0.7190885175493968	-0.1950310878166004	-0.020266051129793614	0.08914377	-0.013830003	0.06874994	0.013959324	0.027899614	0.028807893	-1.329215884149057	0.04875086	5_161	160813441	161818524	5	True
11.978076	3.3607075	Length_Counts.E2	2	0.3390073548575443	1	0.951066113593201	0.6120587587356567	1.211604726230887	-0.8924290211245112	-0.926569428107871	-0.8714124137917478	-0.1648448688740604	0.026704229567977578	0.12850367	0.14242628	0.057958063	-0.010325977	0.029754724	0.02074418		0.025404103	5_165	164833777	165838860	5	True
11.326746	4.2205143	Length_Counts.E25	2	0.22505948586867397	0	0.82494590325759	0.599886417388916	1.1650231156430195	-0.8924290211245112	-0.926569428107871	1.0800165419579777	-0.12258416235450442	0.11281641084722464	0.16421838	0.1473365	0.05479861	0.03626882	0.026187124	0.014119934		0.01949636	6_68	67045025	68045696	6	True
11.417963	4.1734467	Length_Counts.E25	2	-0.10862990931881827	0	0.427446576791869	0.5360764861106873	1.1125618882491184	-0.8924290211245112	-0.926569428107871	1.11793035261973	-0.12862140614301235	0.1832718318938813	0.14469118	0.13483953	0.055059526	0.032993924	0.02970638	0.016282585		0.028211486	6_69	68045697	69046368	6	False
8.328035	2.0221884	Length_Counts.E25	3	-0.08408410258751287	0	0.290830483956524	0.37491458654403687	1.1496806812165012	-0.6520080864213454	-0.6854453471318853	1.155844163281482	-0.15880762508555232	0.22241373247535742	0.13491179	-0.020459382	0.046953246	0.027425122	0.01915229	0.019482711		0.030853797	6_70	69046369	70047040	6	False
8.066465	2.2097375	Length_Counts.E25	3	0.2306112372066088	1	0.421276392855794	0.19066515564918518	1.1897689776212748	-0.7722185537729283	-0.926569428107871	1.3000208140247798	-0.41237186420288885	0.8956544224767442	0.11107849	-0.0090010995	0.049759194	0.03338083	-0.015357704	-0.013291236		0.015657054	6_99	98065857	99066528	6	True
11.843836	4.0581155	Length_Counts.E2	2	0.2521557392452294	1	1.00263192075234	0.7504761815071106	1.1739316259551915	-0.8924290211245112	-0.926569428107871	0.4659169794662333	-0.22521730675914053	0.7938854809649067	0.11817761	0.13301042	0.045834158	0.04404218	0.026508704	-0.02124038		0.04195145	6_121	120080641	121081312	6	True
7.6925216	1.8694518	Length_Counts.E25	3	-0.14850279542101102	0	-0.485202847443945	-0.33670005202293396	1.1739316259551915	-0.7321483979890674	-0.926569428107871	-1.1264630683273555	-0.515005008607525	1.0052517441048767	0.0974711	-0.02788886	0.044511896	-0.076398075	-0.023419477	-0.013844268		0.0060939896	6_163	162108865	163109536	6	True
11.37989	3.4274924	Length_Counts.E2	2	0.32981524887360336	1	0.89262263002671	0.5628073811531067	1.1927384810586654	-0.8924290211245112	-0.926569428107871	-1.1072013133348677	0.22757597737896013	-0.7013351212474755	0.12340273	0.15196747	0.048076645	-0.077705145	0.026301634	-0.018324785		0.019865558	7_10	9007849	10008720	7	True
7.937578	1.8822316	Length_Counts.E25	3	0.0020662906946821713	0	0.182087010461299	0.18002071976661682	1.1279043226756367	-0.7521834758809979	-0.6854453471318853	-1.0692799250031775	0.30002290284105626	-0.6465364604334093	0.12242521	-0.011507001	0.03304598	-0.06271578	0.013149897	-0.020842643	-0.9245368986466634	-0.016930817	7_11	10008721	11009592	7	True
-0.47116694	2.9255133	Length_Counts.E1	0	-0.09658290459831748	0	-0.0451338367076734	0.051449067890644073	1.0685142539278243	-0.8122887095567892	-0.926569428107871	-0.9555157600081066	0.3603953407261364	-0.6073945598519332	-0.025232542	0.050981484	0.06060236	-0.03406914	0.008893036	-0.031411637	-1.1916865437991668	0.030831067	7_14	13011337	14012208	7	False
8.080827	1.7357231	Length_Counts.E25	3	0.06446627320913467	0	0.514234518429319	0.4497682452201843	1.111077136530423	-0.591902852745554	-0.926569428107871	-0.879672983344726	0.2698366838985163	-0.6543648405497045	0.11340183	-0.028920218	0.07723257	-0.0067021907	0.017944358	-0.022864185	-1.4333515188548847	0.050721295	7_16	15013081	16013952	7	True
-0.024183871	3.0578897	Length_Counts.E2	0	0.14709963887913852	0	0.36935312539323	0.2222534865140915	0.26427373963452977	-0.8122887095567892	-0.6372205309366882	-0.007481051715849885	0.3422836093606125	-0.8344175832244939	0.0044815685	0.07000086	0.03993182	0.015210387	0.014453207	-0.008227647	-0.7815884043106816	-0.0021496543	7_39	38033137	39034008	7	True
11.462525	3.5973246	Length_Counts.E2	2	-0.2425800270097476	-1	0.248932211969592	0.4915122389793396	1.1521552674143267	-0.8924290211245112	-0.8301197957174767	0.40965421993274304	0.23361322116746822	-0.8892162440385603	0.11422353	0.1376088	0.055686865	0.027663775	0.02210153	0.0021972256	-0.5677515172916761	-0.0011849685	7_50	49042729	50043600	7	False
11.472162	3.6777902	Length_Counts.E2	2	0.03451964019933551	0	0.76522072910467	0.7307010889053345	1.1575993570495429	-0.8523588653406502	-0.8301197957174767	0.5234183849278139	0.33624636557210436	-0.8813878639222651	0.1374447	0.14965926	0.055242904	0.037797328	0.032393873	0.0045383186		0.00395844	7_53	52045345	53046216	7	True
11.444584	3.6010451	Length_Counts.E2	2	0.4458825793358179	1	1.08000280524219	0.6341202259063721	1.1219653158008556	-0.8924290211245112	-0.926569428107871	0.5613397732595041	0.3966188034571845	-0.7874473025267227	0.13107926	0.16482061	0.05090058	0.030860802	0.028819276	-0.0027414244	3.6609461553196496	-0.030773824	7_54	53046217	54047088	7	True
0.7336732	2.938574	Length_Counts.E2	0	-0.25405259478672354	-1	-0.319370702391704	-0.06531810760498047	1.0427785574704387	-0.8924290211245112	-0.926569428107871	1.1301605982348581	0.23361322116746822	-0.8187608229919034	-0.011313054	0.14093123	0.05430206	0.024058431	0.019099923	-0.016145268		-0.012888569	7_69	68059297	69060168	7	True
0.7400876	2.9658637	Length_Counts.E2	0	0.05945034528137644	0	0.257181154731526	0.19773080945014954	1.0665345849695638	-0.8924290211245112	-0.926569428107871	1.2439247632299288	0.09475661403178402	-0.8187608229919034	0.011261602	0.15967767	0.0654612	0.02599828	0.019974083	-0.009330077	0.04739569194106059	-0.013496063	7_72	71061913	72062784	7	True
0.79498523	2.881561	Length_Counts.E2	0	-0.10172595515894578	0	0.230635206549886	0.3323611617088318	-0.09126985609664545	-0.8323237874487197	-0.7336701633270825	1.5075464823442306	0.07060763887775198	-0.7404770218289515	-0.03797329	0.15864633	0.060743302	0.020678295	0.01406019	-0.004237065	-1.3522106726846557	0.05263264	7_81	80069761	81070632	7	False
11.328872	3.7478862	Length_Counts.E2	2	0.008830037349415787	0	0.539522972339345	0.5306929349899292	1.153640019133022	-0.8924290211245112	-0.926569428107871	1.3179395406857795	0.02834693235819598	-0.7639621621778371	0.13444977	0.15991113	0.050317753	0.032267958	0.021997271	-0.01620966		0.01011373	7_86	85074121	86074992	7	True
0.7939271	2.8926003	Length_Counts.E2	0	-0.08670032254368802	0	0.0770683414587305	0.16376866400241852	0.7250416896696419	-0.8523588653406502	-0.7336701633270825	0.6353545507153545	0.05249590751222785	-0.5839094195030476	0.00028438107	0.13161203	0.0649447	0.024497591	0.013324616	-0.020414028	-1.11171740659891	-0.00033055036	7_104	103089817	104090688	7	False
7.8685403	1.9170009	Length_Counts.E25	3	-0.3020021813119318	-1	-0.283784375538912	0.01821780577301979	1.176406212153017	-0.5718677748536235	-0.6372205309366882	-0.08515182758676051	0.06457039508924388	-0.638708080317114	0.10623766	-0.039941292	0.038163677	0.013420269	0.012257069	-0.030710459	-0.6971081875760465	-0.013457467	7_123	122106385	123107256	7	True
11.530596	3.55578	Length_Counts.E2	2	-0.12712385830761158	0	0.378082547808874	0.5052064061164856	1.1778959130441078	-0.8924290211245112	-0.926569428107871	-0.19891599258183132	0.04645866372371993	-0.560424279154162	0.123064905	0.16012515	0.04578987	0.008592699	0.02165501	-0.024693836		0.007374788	7_126	125109001	126109872	7	False
0.13405156	3.0214984	Length_Counts.E2	0	-0.00023693367725546866	0	0.184939230234564	0.18517616391181946	0.09996121609891519	-0.8122887095567892	-0.8301197957174767	-0.6539726525621146	0.11890558918581608	-0.7013351212474755	-0.005044406	0.07435062	0.061730463	0.0076853624	0.007989305	-0.012568976	-0.4183586236208683	0.011332012	7_138	137119465	138120336	7	False
1.2752795	2.7732902	Length_Counts.E2	0	0.20870856471624344	0	0.704301158862972	0.4955925941467285	1.1046432124160768	-0.8323237874487197	-0.926569428107871	-1.033186535879017	0.0766448826662599	-0.3960282967119629	0.02792235	0.13261369	0.049921345	-0.04375946	0.019121332	-0.0062944144		0.017380243	7_148	147128185	148129056	7	True
11.520757	3.911821	Length_Counts.E2	2	-0.041103743960743955	0	0.413531756947154	0.45463550090789795	1.2151136894594037	-0.8924290211245112	-0.926569428107871	-0.9133534529188302	-0.3399249387407927	2.891891352132019	0.11413123	0.13886918	0.060450014	-0.01653829	0.0147567475	0.012594633	-1.3358067471051223	0.041580167	8_15	14034903	15037395	8	False
0.83818614	2.8038	Length_Counts.E2	0	0.24142037354173695	1	0.711977139336491	0.47055676579475403	1.0849504554537812	-0.8924290211245112	-0.926569428107871	-0.15369734598805038	0.6199968236319807	1.8976870773625292	-0.0047282637	0.1479706	0.066777945	0.011868318	0.030414246	0.011563972		0.018016282	8_35	34084763	35087255	8	True
0.82658875	2.8524418	Length_Counts.E2	0	-0.2712233637283913	-1	-0.149727364332544	0.12149599939584732	1.097818303682474	-0.8924290211245112	-0.44432126615589956	0.03621668074464457	1.9240414819497111	0.5277205570108701	-0.010185949	0.16093318	-0.023682246	0.011908439	0.010427065	-0.033839423	-1.2244943949582512	-0.009235746	8_40	39097228	40099720	8	True
0.85867774	2.830732	Length_Counts.E2	0	0.13632442327112448	0	0.278774830418532	0.14245040714740753	1.0285298901433595	-0.8924290211245112	-0.926569428107871	0.07419948609118356	1.827445581333583	0.4259516154990323	-0.036059916	0.13455929	0.07037849	0.013527927	0.019951893	-0.021652738	-0.37969222761195365	0.008450546	8_41	40099721	41102213	8	True
11.314937	4.1400714	Length_Counts.E2	2	0.2923857949335793	1	0.99114260893657	0.6987568140029907	1.1864084895646276	-0.8924290211245112	-0.926569428107871	0.9857868144081193	2.1413822583359994	-1.0927541270622352	0.14098431	0.16577673	0.060444385	0.04148431	0.03204328	0.013679074		0.018355142	8_65	64159553	65162045	8	True
0.46332645	2.5311031	Length_Counts.E1	0	0.13064930796043128	0	0.5498311316909	0.41918182373046875	1.1002928898802995	-0.8122887095567892	-0.926569428107871	1.0802675901630288	2.3345740595682556	-1.241493349271844	0.022493366	0.058156356	0.06954878	0.032688428	0.02155172	0.01269185		0.032650653	8_79	78194455	79196947	8	True
11.299907	4.147464	Length_Counts.E2	2	0.29952487655753357	1	1.07599386879081	0.7764689922332764	1.197791586074625	-0.8924290211245112	-0.926569428107871	0.8903535634303338	2.358723034722288	-1.2258365890392535	0.13631037	0.15496203	0.0599283	0.042030733	0.031029526	0.01364335		0.021812372	8_84	83206920	84209412	8	True
11.278627	4.150829	Length_Counts.E2	2	-0.0029135267512956364	0	0.560579307816728	0.5634928345680237	1.1473100276389845	-0.8924290211245112	-0.926569428107871	0.8523707580837948	2.370797522299304	-1.202351448690368	0.13200587	0.15306447	0.059720214	0.036057964	0.031977993	0.008860687		0.016446743	8_85	84209413	85211905	8	False
11.479733	4.0070944	Length_Counts.E2	2	0.10996776556111365	0	0.677417096844683	0.5674493312835693	1.1235540001398594	-0.8924290211245112	-0.926569428107871	0.7004395366976389	2.4492816915499076	-1.2258365890392535	0.1281978	0.15653825	0.0674097	0.036331195	0.030628592	0.023467857	-0.7971135481627392	-0.00894969	8_89	88219385	89221877	8	True
11.958508	4.012409	Length_Counts.E2	2	0.2578584114191367	1	0.783170656311257	0.5253122448921204	1.1671067172215885	-0.8924290211245112	-0.926569428107871	-0.1731649862727579	2.582101054897084	-1.3197771504347957	0.118604034	0.13307999	0.049332738	0.0105859395	0.025849625	0.0028669504		0.0309212	8_112	111276724	112279216	8	True
8.263568	1.7829317	Length_Counts.E25	3	0.11120051702448852	0	0.595591699685545	0.4843911826610565	1.154238868992896	-0.7722185537729283	-0.8301197957174767	-0.24913059696583587	2.7752928561293406	-1.1945230685740729	0.08727316	0.005753071	0.06424357	0.010434636	0.020901186	0.0043057296	-1.6416227882665388	0.058365013	8_114	113281710	114284202	8	True
8.4871235	1.8055807	Length_Counts.E25	3	-0.0029958745091724914	0	0.437873009815855	0.44086888432502747	1.1626524620655028	-0.7722185537729283	-0.926569428107871	-0.28711340231237487	3.1918626775363927	-1.1945230685740729	0.12437646	0.0006230477	0.059090093	0.0142997205	0.019631185	0.0025099935		0.02935115	8_115	114284203	115286695	8	False
8.587553	1.7123576	Length_Counts.E25	3	-0.21549811044275327	0	0.222163030714397	0.43766114115715027	1.1492896965972448	-0.8122887095567892	-0.926569428107871	-0.32509620765891384	2.8054790750718803	-1.288463629969615	0.10824049	0.04774759	0.04946506	0.007988096	0.025079107	0.010200551		0.034102544	8_116	115286696	116289188	8	False
10.985672	3.5863109	Length_Counts.E2	2	0.1610287514906884	0	0.640790799019909	0.4797620475292206	1.1478049448785494	-0.8924290211245112	-0.926569428107871	-1.1607179252827715	2.3889092536648278	-1.0614406065970543	0.14091645	0.16207497	0.058196783	-0.08813238	0.026615232	0.013048075		0.016687514	8_138	137341542	138344034	8	True
10.97724	3.5798194	Length_Counts.E2	2	0.08667560363937876	0	0.560061831723943	0.4733862280845642	1.1364218483685522	-0.8924290211245112	-0.926569428107871	-1.1987007306293105	2.53380310458902	-0.9440149048526265	0.13532041	0.15223533	0.057425696	-0.09290705	0.020918675	0.0128537305	-0.13714847082876114	-0.010137541	8_139	138344035	139346527	8	True
1.4309676	2.495582	Length_Counts.E2	0	0.013256400172761683	0	-0.00444780727738976	-0.017704207450151443	0.8553682463643207	-0.8523588653406502	-0.7818949795222796	-1.1860569715656575	-0.2493662819131726	0.49640703654568924	-0.030660031	0.14546521	0.04721684	-0.07920317	0.013615462	-0.021463076		0.006168541	9_8	7010592	8012104	9	False
7.6295033	1.8492067	Length_Counts.E25	3	0.10587706525182278	0	0.165689786116834	0.059812720865011215	1.1701752041068922	-0.49172746328590167	-0.7336701633270825	-1.1481112968018155	-0.2795525008557126	0.5590340774760508	0.10830396	-0.036124647	0.059879567	-0.088553905	0.016035423	-0.008619435		0.007923457	9_9	8012105	9013617	9	True
10.935042	3.5640197	Length_Counts.E2	2	-0.053456306877254306	0	0.207097649154545	0.2605539560317993	1.220161845302968	-0.8924290211245112	-0.926569428107871	-1.1101656220379734	-0.23729179433615658	0.8721692821278585	0.109002896	0.1461428	0.046046272	-0.09232975	0.020499902	-0.013724478	-1.327018929830368	0.039112013	9_10	9013618	10015130	9	False
10.952086	3.667106	Length_Counts.E2	2	0.22213936377734378	0	0.671591436159317	0.44945207238197327	1.164236197232111	-0.8924290211245112	-0.926569428107871	-1.0342742725102891	-0.32785045116377665	0.4024664751501469	0.14940037	0.15020573	0.055467144	-0.058234844	0.021373417	-0.0021117174		0.012572453	9_12	11016644	12018156	9	True
11.666992	4.415494	Length_Counts.E2	2	0.06865677142554427	0	0.404843001608192	0.3361862301826477	1.1726497903047177	-0.8924290211245112	-0.926569428107871	-0.5409805005803426	-0.41237186420288885	0.6294894985227073	0.11107234	0.12687694	0.040552642	0.007816577	-0.020067811	-0.020491978		0.020464897	9_25	24036313	25037825	9	True
7.991912	1.9198468	Length_Counts.E25	3	-0.22499681803899757	0	-0.100145442220745	0.12485137581825256	1.174134542023413	-0.631973008529415	-0.4925460823510967	-0.5030348258165006	-0.38822288904885677	0.5825192178249363	0.10709964	-0.035900585	-0.00869848	0.014718439	-0.014036224	-0.020090438	1.7118082837793505	-0.025990887	9_26	25037826	26039338	9	False
8.313831	1.9726917	Length_Counts.E25	3	-0.06610548509908823	0	0.172086074811686	0.23819155991077423	1.1216733146295121	-0.27134160647466643	-0.926569428107871	-0.35125212676113243	-0.44859532693393683	0.3554961944523757	0.10802052	-0.038462162	0.05680948	0.011339745	-0.024462575	0.015864635		0.008657474	9_30	29043878	30045390	9	False
0.928627	2.7550626	Length_Counts.E2	0	0.013859383004797998	0	0.410063794988288	0.39620441198349	1.064757832079525	-0.8924290211245112	-0.926569428107871	-0.2753607772334483	-0.39426013283736483	0.39463809503385155	0.007499172	0.118857734	0.05231388	0.01544018	-0.019092908	0.001435559		0.021867385	9_32	31046904	32048416	9	True
8.13175	2.1649199	Length_Counts.E25	3	0.19111968759567627	0	0.279942998626541	0.08882331103086472	1.1347861468917895	-0.6119379306374845	-0.8301197957174767	0.9963722509864723	-0.5995264216466372	0.05801775003315837	0.13151042	-0.031758375	0.058296394	0.03298933	-0.025505733	0.015240242		0.0002540496	9_77	76114989	77116501	9	True
0.8809871	2.7865918	Length_Counts.E2	0	-0.039849035911809216	0	0.257628030605067	0.2974770665168762	0.9722083082808506	-0.8924290211245112	-0.926569428107871	0.730752527639578	-0.545191227550065	0.12847317107981504	-0.03178662	0.13132268	0.04583045	0.030204821	-0.027595147	0.013285501		0.011140601	9_84	83125580	84127092	9	False
0.73970807	2.8686304	Length_Counts.E2	0	-0.060367837557323	0	0.157054379573338	0.217422217130661	0.8795548518618674	-0.8323237874487197	-0.4925460823510967	-0.14199799192878906	-0.545191227550065	0.22241373247535742	-0.028836476	0.15716848	0.00013757989	0.0066561326	-0.015445807	0.006490216	-1.2479285743575883	0.040810008	9_107	106160379	107161891	9	False
